,0,1,2,3,4,5,6,7,8,9,10,11,12,13,14,15,16,17,18,19,20
0,0.5939383084043218,0.3690419401013819,0.8047123485704739,-0.045467805675731346,0.5800380186407933,-0.06366815239611243,0.3903565587351507,-0.3465906390045344,0.2658077170785757,-0.3220627291407409,0.3737902062909649,-0.3563455406455552,0.3772440815560471,-0.21297920350475624,0.35203701839555407,-0.26175351200087654,0.2500674979711674,-0.2915144345629156,0.3044385961906519,-0.2730445739601443,0.29917595531771896
1,0.201535416852836,0.395060470439848,0.6823220180107128,0.2536977399350744,-0.06534825314614504,-0.11082500488226305,0.03463920194722225,-0.2860926851763745,0.3438702186594319,-0.35272672177492753,0.29013480598996594,-0.18602509572546516,0.36707104061126283,-0.211665013269898,0.3536377146014054,-0.2607355267321556,0.29993134832522256,-0.2964943756289617,0.33038397907692335,-0.2927389803333517,0.2802111057284715
2,1.4962104087282737,0.1674033641306173,-0.14010346822150682,-0.5514826881973502,0.42680065819176416,0.09040508258554876,0.34264736742741847,-0.2737532069388428,0.31809464632234874,-0.3638769316494057,0.2467950275776021,-0.2534468838328196,0.3351681352930627,-0.3735368881264526,0.3180574764369992,-0.33800132369408237,0.2970401707749465,-0.2560632723921659,0.29372982610463605,-0.28908649049328505,0.3353744547712025
3,1.0200582137539562,-1.5027009935123163,-0.06555945820580956,-0.4598687763474371,0.7858642684125123,-0.8210489705992101,0.5715115352031042,-0.22663210730801894,0.7338663226074694,-0.5319527880206453,0.3673934772040432,-0.3954730633826161,0.41705059586329646,-0.3345290717413397,0.32544510816548405,-0.29026946462478453,0.2853864695651815,-0.31567048785910534,0.30027482323453236,-0.31122856303388907,0.2987133407984485
4,0.47787467479826595,-0.5325678639946512,0.2609510050496143,1.0929008631607149,0.014643101299194486,0.031609002800869125,0.5042784445520636,0.21769496565552493,0.45137305680148965,-0.1109955459091242,0.40798808515400076,-0.17928669031940578,0.2815575550546355,-0.3580202854242175,0.33508067721126783,-0.3012825453131353,0.33444246848866194,-0.2588499244227974,0.2758864265784937,-0.2871221884461848,0.29619274839664655
5,0.37365692194206884,-0.8793424727777384,0.588926146716011,-0.4001036674737684,0.7247809175471513,0.2588722241412927,0.7478303221836047,-0.22606958058323146,0.4842462693539344,-0.14876807167588688,0.41136874489968595,-0.23042207013068575,0.3614245028976366,-0.336649521671244,0.296552085635813,-0.2638343583627786,0.3063583259001939,-0.27352709096234157,0.3123076861392844,-0.28334410280990646,0.3106636160444428
6,0.007093399076896006,-0.3105233228350107,-0.021677631929350006,-0.9612584594095429,0.33346061543580024,-0.15085654976707188,0.21181099591279398,-0.3386661464498417,0.6346818765349908,-0.24990619633411762,0.3677900995548829,-0.23334125299588723,0.34003940998441234,-0.30951953146389466,0.3566495677771211,-0.21242192816083824,0.3264899801880629,-0.30540083950215013,0.3418579949423227,-0.27729458985359956,0.30445227058150265
7,0.04570458438030718,0.8998346756863168,-0.15422646201449342,-0.344014280668941,0.29060755506035935,0.028631480170763113,0.2331786372314288,0.1287762716127869,0.12414244754226973,-0.23175921864946195,0.27545729119332185,-0.17451374257608196,0.28184880712052357,-0.3463907674941894,0.35080911593712966,-0.3153682299587658,0.28260699116774224,-0.2613807456783144,0.3031382026812836,-0.3141584975710838,0.3037003400737593
8,1.123781468112178,1.075997257095334,-0.42341359915191523,0.009550957507538019,0.20115228485421155,-0.23947706898842233,0.2815050401862327,-0.29600189194833876,0.2793594232738642,-0.3580545314246491,0.4026264164387101,-0.37979370825656655,0.34420310487559874,-0.3150433313364148,0.3480945113859273,-0.3185218909671995,0.2774229363837254,-0.26963878541308267,0.3111827069622635,-0.2669276992255655,0.3016754282298537
9,0.45873967211528943,-0.08101999727670184,0.46768395937334906,0.07277762205266061,0.5248693422366827,-0.4497360430630722,0.2488082548103279,-0.8317374630670404,0.14117410942760522,-0.6320160321802479,0.35195304494669616,-0.3193969688671288,0.26608925778272524,-0.29938154514760296,0.2023785254185882,-0.27463366864042354,0.31846755339067956,-0.2994286734560223,0.3086060595032174,-0.29887566189266485,0.29862187917356703
10,1.265863838312205,-0.06748868009886799,0.199510417411556,-0.30333164150338937,1.1203048595371403,-0.3152785940117422,0.39040365683367584,-0.10694393908806185,0.4987883269139483,-0.02721155778232433,0.4358347516439516,-0.14528972397233206,0.33515911350026195,-0.29575704322192115,0.3166112140633167,-0.2746457824693394,0.3650209076322208,-0.3305021375172957,0.30610244010475557,-0.29488525357859935,0.3045451623740926
11,1.9780437312021761,-0.7261213121606787,0.591957248538852,-0.681627636146251,0.40066108047359095,-0.24595190707847434,0.7599991178299332,0.014921536057491913,0.4366749226039451,-0.22213521569738182,0.35081296506611087,-0.3366957565068868,0.341890501213941,-0.2657780088774886,0.43437068521360145,-0.2816891718015683,0.29855660899846953,-0.32549918761618185,0.283881255740025,-0.303509782203294,0.28764077729021553
12,-0.16756894963517968,0.5926919853559576,0.9052389460087563,-0.30684553695331407,0.4448205758081901,-0.7647752511565372,0.6888244016031235,-0.5408534700455706,0.35432365581342995,-0.29505696814962573,0.4141259085008179,-0.24215961385351248,0.38782700212817023,-0.3807435565535201,0.3842368497944854,-0.28241150029834894,0.2967046970632309,-0.25169315016775495,0.30715555860760513,-0.3062771778508406,0.2913731811136661
13,1.1828393388719007,0.5118904355426558,0.7180837552109446,0.24180974378649958,0.5969564928180778,-0.3810186489673406,0.2984870883396905,-0.18357887367729797,0.39245340434395365,-0.24579412182742777,0.33670331263660447,-0.2774706383434489,0.22460521189770047,-0.2836078404685942,0.3460200336272096,-0.3352078869886988,0.3441155092862857,-0.23891962133401573,0.32381240943521944,-0.27183949175780436,0.31045818170667777
14,1.0705122375401188,0.21335110595522105,1.2443900992863468,0.2454801785926161,0.4434845967559697,-0.6953525937038797,0.18486984596306433,-0.3542016583943101,0.1799624734861541,-0.14611954180165945,0.4202669304953654,-0.31212656942237105,0.346916968639978,-0.25660771628436485,0.3336266155212074,-0.28732686303143046,0.3784670984203298,-0.2833562709466005,0.29587093567963446,-0.29386985937221693,0.28441103687492103
15,-0.2471074188632228,-0.17327335793160625,0.8261139244750553,-0.5580977202377674,0.23134309664847952,-0.20301116151394666,0.31645061402762864,0.1534838111458572,0.462242993368957,-0.12375226906909424,0.137117459605627,-0.25956567522178103,0.26556481490967715,-0.2726939368415007,0.2748886558401367,-0.25865745838017,0.2941244239364678,-0.3007672719560997,0.28587115586755246,-0.3080381612596675,0.3181440108476109
16,-0.22795021538313157,0.7102267005400514,0.7909291600856247,-0.8267442370185136,1.0244793487707857,-0.45693623670152467,-0.15182809682883402,0.12407802677028802,-0.04513915535373137,-0.45325649175448135,0.297833548758125,-0.26774980787750163,0.45215707489827905,-0.2790821677223068,0.31240282431643784,-0.32214009620854156,0.3287896500862423,-0.31682347295457963,0.28799801498973177,-0.293137119380542,0.31071235822649884
17,0.11664073949917056,-0.38786555982232773,-0.5439321236474915,-0.6803975477119049,0.14536640073722992,0.06000773432522367,0.23426678377937243,-0.15041009019792742,0.38818005052723875,-0.3180420030532302,0.3282643410446268,-0.40959293569820887,0.3921700408536585,-0.17019255940838368,0.37306873647362965,-0.34812984192136226,0.2675293595440014,-0.31745646820244083,0.30305740630745714,-0.27646188161487184,0.32949138519220056
18,1.3048324400477742,0.2102874760115397,0.6628827411410679,-0.06351747518124735,1.1569017594054523,-0.6403392773829278,0.5236175605340759,-0.1843524870506544,0.13359157299022975,-0.19909394718298798,0.45461886109167665,-0.20177942784061703,0.4286543404802431,-0.26558849944072466,0.29980669030685775,-0.28783166765003193,0.26149576400716057,-0.30345858078824484,0.30962300454687447,-0.27388342649865,0.299100392083459
19,0.3837885166557789,0.2511543226007095,0.3944144648410648,-0.5023550028584516,0.6922989720163473,-0.3490870605934866,0.03020829792837197,-0.06136072971190248,0.19728901558641265,-0.4847773996251905,0.19791840775120906,-0.1841966960463947,0.39524127205512133,-0.3108986827636463,0.29997757959612903,-0.3250641189213695,0.30492795407549905,-0.24660664122762732,0.31394973296604234,-0.2647804465331647,0.2886330410159224
20,-0.1840972833051068,-0.8128548303614458,2.060259268991995,-0.18209238569741115,0.2889557431495035,-0.34741139028855644,0.37720738675372834,-0.16173666188642197,0.3107248340485995,-0.039406167041312,0.41395175992800665,-0.4501068462669753,0.2653317944110966,-0.31272263772135656,0.2741691043439018,-0.31152466835830595,0.281049909897714,-0.28169157647195914,0.31427528612726335,-0.2914065010524887,0.30473781997154636
21,2.216489157597633,-0.2643003751388069,0.13516928945723575,0.7089893507558807,0.9804664166397445,-0.45751509813755536,0.3306198781690612,0.06819378455197973,0.2107974536450668,-0.2693480840821033,0.34176501094658773,-0.2055201346576109,0.3401294732186924,-0.2500253727046523,0.3004423682947686,-0.1968800660963885,0.2920795831344859,-0.2782159004084606,0.30887005856716887,-0.29789350206662013,0.31395837228234025
22,0.7258351527525462,-0.5246625089622187,0.2719392692340507,0.027065824961447552,-0.09951968458577377,-0.059901297994216285,0.36191751876714584,-0.16932929261337817,0.5433862463722298,-0.2190685973559856,0.6909579237359177,-0.2981321322362956,0.2728341386417329,-0.30944890975672873,0.3311112970047124,-0.2641298262049487,0.3268984065554603,-0.2831915090680363,0.29063712613668546,-0.28991365137774716,0.31536689484663366
23,0.7271030639986579,0.08494174923421619,0.4941373326418786,-0.19591004772786405,-0.00784328748093129,-0.17873155893828707,0.2622544975167875,-0.23005835013881024,0.21753747764766476,-0.30388311042628074,0.36296343208532006,-0.32651392588359557,0.4032784849815107,-0.3138897926787257,0.2916515967598652,-0.3187738391545814,0.3124338714202838,-0.31969129359412773,0.30045643752895185,-0.28703499721017917,0.2988246444560991
24,0.17283926614463843,-0.1764423042181008,1.0042024227587187,0.7081025907358847,-0.21317285475248215,-0.26690693317722486,0.4640242887688658,-0.04142405547061869,0.21774232406999655,-0.44478750578559484,0.35016072091761014,-0.3610796327687585,0.34289487586053713,-0.31096283386298335,0.26612668807572554,-0.2991448796795355,0.255951141005233,-0.31488902127826673,0.311413549648535,-0.29752112494552146,0.304249692280414
25,0.7306811672713733,-0.20986819589568045,-0.29513642957379704,-0.2907232865703322,0.08379958506458524,-0.5079164888778993,0.40696711024081655,-0.16092801025622766,0.29772941126499647,-0.032158586781237015,0.3165968988291529,-0.25311073365944337,0.34636603829403284,-0.2566659765369336,0.34268330020271554,-0.28368035728985463,0.29904871696563357,-0.3160718588102791,0.3342390140831898,-0.2892675606228195,0.2926469585401128
26,1.5040711748191253,0.06511919933401146,0.4052945612520575,-0.29922203447525725,0.5745168651177036,-0.5413965697034125,0.5029877864399593,-0.4773823582720134,0.2877397943448268,-0.3615373207749482,0.3249903235886205,-0.33701438626985775,0.3481443191499048,-0.21671929590959962,0.313372500114762,-0.2178871844590123,0.29897808912000984,-0.2680454050233734,0.31049250282343055,-0.29136832641318966,0.29239715363474866
27,0.7595208491786071,0.6493335150265651,0.6790007880196592,-0.3954901831561644,0.24555252628154509,-0.32711559191531964,0.48394320305638355,0.1989341692926934,0.37562807554908484,-0.20498268400947225,0.1189613995840879,-0.335921573120536,0.3852730058382539,-0.29394261303032976,0.28742484682831343,-0.3170441707324225,0.3036031578476443,-0.29538547143868776,0.2801913961625622,-0.31623603988491183,0.3107103918511581
28,0.22327518532692114,0.2867182038231063,0.11676514295447027,-0.6615906475967541,0.41422876793591484,-0.05757900806221194,0.4922685315641664,-0.5468441767936022,0.34750423656952323,-0.30318724088432547,0.2652400192719694,-0.3550821048767002,0.34126473923967243,-0.29984359097911584,0.3154484452945824,-0.29732640302779567,0.2839417445225424,-0.261840233659553,0.3324160555210632,-0.29437423413540764,0.2792120799412468
29,-0.5622820683402727,-0.5253524817573412,0.004897603023148194,0.004696434710903458,0.5662559723217035,0.028588697727150333,0.13169967057306173,-0.1992643243453424,0.29019396023413063,-0.15270570754809762,0.41718182878368526,-0.22064233653352233,0.21718345178765075,-0.2230766914173698,0.38669795404283674,-0.2995859160797266,0.2821941915798608,-0.3178355437126508,0.3399988258401461,-0.3005888594423034,0.31146239884147175
30,1.3854781103831575,-0.10977221200813536,0.6647734597638678,0.33032374286257554,1.152484665314614,-0.27700234379768274,0.25915898449174996,-0.30298997956131374,0.2372961198798083,-0.05650513504527042,0.28830751637947083,-0.29794253775900037,0.24080686715529612,-0.2869706821272724,0.34517378248916986,-0.22901451379184187,0.30986363503122294,-0.263105813524045,0.306977831754457,-0.31081963595943235,0.3246972705350825
31,1.975672676955895,0.7354153196838261,0.9317074589135366,-1.0942777364387373,0.8018059307088351,-0.30568555553216264,0.3033923885073678,-0.28779426789405094,0.26254030196003636,-0.3224056591503201,0.24556362595284031,-0.18252746338062042,0.23036339498241726,-0.21007345247558082,0.24539884555595035,-0.31690198756251475,0.3139590313849192,-0.2874868908074271,0.3168875853092816,-0.30695283163638654,0.3059405045887416
32,-0.3104019841003281,0.5846220163568997,0.554923840104026,-0.1464829627137278,0.9858640959898204,-0.4110037555901107,0.5729257061770764,-0.29488939234157824,0.3436688465140463,-0.3575040112230879,0.23945181325011963,-0.23164692981758797,0.4170145211162845,-0.25770755993396577,0.3237808577235568,-0.2706221471679097,0.2696606474975765,-0.323557417521832,0.3051132238162645,-0.32384555548991717,0.3196537838968052
33,0.6758831664132533,0.2743015406637942,-0.26192766224680714,0.5826230809277734,0.48167746177245196,-0.1368237262652416,0.21576303482836184,-0.3511230650157774,0.6576736647164257,-0.15606411670777953,0.3368368215245605,-0.3231428605260982,0.2803397348806596,-0.24058573899512314,0.29197254828106206,-0.2587106672884591,0.32063010139425663,-0.2915677246551257,0.29821693609046834,-0.29672056159124666,0.2985055206053711
34,0.8091129840004334,-1.0550497310439313,0.12372622701808628,-0.5040130611896743,0.2333223444367628,-0.13226681504551524,0.6855965540136352,-0.03890985471320178,0.2796733329897491,-0.3047341127481706,0.2664282570272796,-0.22086844426378754,0.40622160499087456,-0.20076485876421604,0.3333902065868663,-0.3148195263523398,0.3308202375268061,-0.2723623687908983,0.3026122387417847,-0.30113182281333106,0.2941170679517578
35,2.2568426143589173,0.39642603136110155,-0.07104753278025389,-0.09413819419306402,0.4168786682314855,-0.22433161915816607,0.6448849654747536,-0.14276972117309977,0.0336833020255449,-0.3784632946932913,0.48747625260315786,-0.2940633944545331,0.27459808479628817,-0.28961301249711136,0.3135367525125115,-0.36750677928934533,0.3360564864983559,-0.2979412246088727,0.32002454108885076,-0.2785290396449845,0.2971758601951204
36,0.35692453339296915,0.7923591784955117,0.39474120950572866,0.16996341783197288,0.35720342795241816,-0.3592083693333505,0.3620847182498502,-0.24525957625912115,0.060021311428083104,-0.27709610291309217,0.3082873038443073,-0.3874956686112336,0.4224247638857872,-0.2410476684547453,0.3871430235695343,-0.32547335522972387,0.2803496930000743,-0.3042928152751669,0.3208083478010411,-0.29017961152037725,0.30592475192526425
37,1.5428863852825507,0.5663641827781472,1.0276665576220643,-0.04799262345449561,0.5896152569796798,-0.2219107874972846,0.7454738083199551,-0.023026304096129813,0.33665737205162044,-0.33644788157924266,0.46736522444635703,-0.28005426207620604,0.3399357519267681,-0.23233094639646887,0.38914481846841315,-0.301159388455006,0.3254661320174557,-0.3010994099165822,0.3029305059449552,-0.3191683093300469,0.34234229322992593
38,2.5066744434419146,-0.18307704287694693,1.0581951727499561,0.18475583132547166,0.3486453374884144,-0.03744730379652216,0.46083343778008945,-0.34311899922759775,0.48800068715799355,-0.13657795039132076,0.22079843697809465,-0.24099352222053444,0.4155513217932488,-0.2485431224865467,0.27876927950185126,-0.2671714330813046,0.3471267905808409,-0.3073932062837634,0.3000880984044373,-0.29979922120958324,0.31827513585807243
39,0.49532889228066823,-0.4899754662600065,0.020149493459103985,-0.2496715241529316,-0.12515590966513718,0.09844636216045177,0.22874319952460118,-0.4262372523500983,0.4654737035567495,-0.18202720005760512,0.29887298691612796,-0.2715335107979792,0.3188604338621241,-0.33781543298398703,0.2936601707368591,-0.3080148966744139,0.3440207955910348,-0.30356050175410426,0.2820711375698405,-0.30022183070698477,0.28353619435197913
40,0.8011005897250243,-0.8932515291041504,-0.010010426280340353,-0.18759941043240638,0.37187619206878997,-0.3952426737023696,0.11373322209523674,0.015501463617234203,0.21392147763465597,-0.3298204740654029,0.3681328486755815,-0.36439205076657233,0.2594794994797392,-0.3357025685539395,0.29241349280136675,-0.30031179776921196,0.3317610223225507,-0.27235632673604615,0.2629777464065096,-0.28867335777067654,0.3167995426656946
41,-0.4255742835362221,-0.9044368238225873,1.5325209328552485,-0.0384393947128061,0.242136295010628,-0.2590916806019711,0.7941180128267225,-0.02177232271036779,0.4299360486645356,-0.16136310017927386,0.4457515114739001,-0.2980460263320389,0.3080426941868082,-0.2857546052961172,0.31389043972641584,-0.2705205016233657,0.3175713162001216,-0.2766857051325449,0.29750930729575803,-0.2783223593820493,0.2971704352138224
42,0.34712181770717687,0.5890567074536086,0.4544725268550813,0.03408207822689275,0.6057058943793205,-0.16731138386251249,0.4346935486962995,-0.48357879455369057,0.4340661604236419,-0.3902435862650252,0.32395177463988273,-0.3641729102151126,0.30178394408486015,-0.2544280310131668,0.29714750476651225,-0.27591132501662907,0.29394653248564967,-0.3155725854768637,0.30595193855054736,-0.3001050646505626,0.3077452283866261
43,0.3083566561874153,2.3319761202525333,1.0764077708780508,-0.07874412364331947,0.2435626962383182,-0.41683226780138805,0.7190827791116706,-0.6983182448584446,0.4010807184540809,-0.1298171239304251,0.43105620364199226,-0.28776491333018933,0.38478085474018575,-0.2825498464374524,0.33167141388271065,-0.28813166535764967,0.3419580707243325,-0.3271260899485518,0.30468907445984605,-0.3197138938856639,0.30162327935175565
44,-0.8379968804182243,0.4975948111076206,0.41202471365641646,-0.47403101026865246,0.44311926438974814,0.2518408470540691,0.6897984077744126,0.17335766912379316,0.39454474222340774,-0.3778184624641117,0.14822727226003177,-0.28491633246765574,0.2710347463396031,-0.22937062507269665,0.2923348862644911,-0.304051161292547,0.31548457835165644,-0.3313995774236653,0.2827745979485181,-0.2823026282090257,0.3242772679042357
45,1.2825407031740161,0.7664266495277602,0.33749696786026867,0.20640641672774324,0.6054769152536627,-0.34612451537146655,0.7167674764865611,-0.005771474430269104,0.3417250347967471,-0.33324171525052965,0.501145552780472,-0.22915125644698264,0.2744385096372705,-0.29618434365779084,0.28840246270226827,-0.3264007066400163,0.3640746965920805,-0.2551518855789941,0.28623242125418863,-0.3135200312626328,0.3081675276307997
46,-0.37570816430255594,-0.7243303976686425,0.20571948515458569,0.18496096722459537,0.33917971558534044,-0.15028645147401554,0.4723202300885954,-0.5317480101888277,0.20635263104256765,-0.4537490667788026,0.30431182493870557,-0.3902746263612132,0.2581152249495775,-0.3295367644789179,0.3186866027414198,-0.29580559017398905,0.30893244152867766,-0.2843402592309197,0.3021216749842136,-0.28264445761284945,0.3013644984034912
47,0.2887224634075778,-0.10529478034110541,1.6128563901850426,-0.7747877199286445,-0.10261014189502658,-0.5155412387949888,0.11624773076579323,0.03644069909233845,0.38029914795252956,-0.3901557235099059,0.25727181328677423,-0.20713775681656807,0.30118130191475057,-0.31575111768204245,0.2576781748896854,-0.2758863281496169,0.2994757976191289,-0.28262763760368287,0.29134807448684,-0.2943171625236534,0.2971416978784944
48,-0.6284054875145624,0.826276918799625,1.0217521746101763,-0.750702007462618,0.6274736791168813,-0.266075146510454,0.16974236710189844,-0.5238704078221806,0.2702040686158556,-0.34481086042791653,0.34250119480589236,-0.3680646909544265,0.20857386090384894,-0.24359114090577785,0.27867738775129997,-0.2605437004804246,0.3019208016241176,-0.30417033366200824,0.31967813456326605,-0.2960739899327257,0.29592798005568277
49,1.5541685589146672,-0.38248001818049315,0.9690981593579031,0.41682523945513505,0.01638336416099614,-0.1464665626777013,0.1631511427849634,0.22601865898378118,0.15453838152942775,-0.3756181045877299,0.30248232314323825,-0.36476694237370466,0.293950488393127,-0.3063047134033944,0.4044469197535312,-0.33558005305279576,0.3444091626978166,-0.28677750788602696,0.29485817759891886,-0.28072877088126846,0.3071725875280668
50,0.5057170311616423,-0.8492084444717957,0.11513421466118069,0.19756963817217518,0.3323885258120206,0.2431328769981577,0.4983685462433005,-0.48049614233977883,0.20344748793742587,-0.24302096522624642,0.3196654424713599,-0.22271334625793546,0.3362076090072864,-0.28116291146982303,0.2617679262364307,-0.3122628141159344,0.23368373575635815,-0.31091987780678687,0.28400646298467186,-0.29304662906436785,0.3056186850624972
51,1.5831785742530426,-1.0814993189478321,0.9546694765042588,-0.24451222744479773,0.0049609734115825845,-0.46419923348257885,0.49270482835918655,-0.44235309056102795,0.31127634710274626,-0.16112632169327873,0.5292344012874275,-0.17540445409151542,0.27732471390760227,-0.29585692509369216,0.32874237924535404,-0.27829865233323386,0.30417642723258204,-0.31831730117486956,0.2803623167698965,-0.32029787714316815,0.3028290814683601
52,-0.34157995676718655,-0.2697020164054328,0.41219607625360644,0.1335520038406909,0.5584335740497256,-0.28595004787096795,0.5367262038520888,-0.3299657296863868,0.11763762121717086,-0.38878750007369145,0.2488588523285201,-0.27437139208721584,0.35925868889941504,-0.3337993302023159,0.3127830999004985,-0.32818189980540474,0.309537831095465,-0.2927609838496485,0.30493563246158123,-0.32359987299148407,0.2949569149642042
53,0.5249301290734918,1.644335119356478,0.6504750914008537,-0.6578343365838106,0.5536840958076206,0.08526504979388666,0.512423862167153,0.31332398837088465,0.5804223055944924,-0.30662875745043805,0.18468199908337468,-0.13285421653167254,0.348968734106276,-0.3754943090522222,0.34246433531338305,-0.3152847582435221,0.30676019583174197,-0.29048862610745163,0.3163721601427317,-0.3002866530272999,0.2968666510944016
54,3.0699531692746076,-0.8572413309178264,0.8291295732893993,-0.10317000415005645,0.7283663850101924,0.30944285381239206,0.49879603079644463,-0.15369705031735736,0.351638012485049,-0.18169082576321588,0.270108543803554,-0.22711814398839017,0.1754879566030659,-0.21301415229861162,0.27881442244575716,-0.3377149765371393,0.33310200887832675,-0.3041520134078405,0.30375416697876073,-0.27839413966922116,0.29208806112154995
55,0.45461662290554655,-1.3868412138045878,1.2763454354228216,-0.25878007780037066,0.5236900933204424,-0.5590652903079002,0.19811551840767905,0.11257668332960978,0.180103148016164,-0.32719434401855274,0.34647286236545893,-0.3903137036337939,0.2595340892366924,-0.2061493161310971,0.3598808782101284,-0.2270087238639198,0.31382961139118926,-0.32628172694550256,0.33253219879926077,-0.2818194426292107,0.3000007453010291
56,1.609498457172202,-0.22313164270357638,0.9773341080489416,-0.6460669267306118,0.4461870619409226,-0.48061561325449875,0.41020363437977625,-0.22523274663274614,0.34492346143261754,-0.3886354190117708,0.4959397839996059,-0.28505233109943107,0.3569250382935697,-0.25848669912821437,0.2895118047636003,-0.289609680646249,0.3274320350239696,-0.34126577718447687,0.3257447451582881,-0.3282338318013041,0.32562610570566913
57,0.6769330967910903,0.1400984264155382,-0.10887897313578951,0.4542439007255051,0.8415052882444388,0.2285771230095405,0.5588624650030604,-0.5167364250612486,0.3983495098834526,-0.06913545427410671,0.4456386749994267,-0.20027226858919403,0.32297611422650824,-0.24426023251397863,0.28971077112088667,-0.3258427993772376,0.36042762977144255,-0.32714542639337674,0.3349444472324596,-0.280137963778588,0.30488170592161423
58,0.7915897463456886,-0.17366370688316174,0.03019576663494328,-0.2038936787135143,0.2658865223110701,-0.43925011087643473,0.5707236479237979,-0.1882695495767876,0.5384548891810905,-0.47756527351662525,0.2248822038763609,-0.324607163532243,0.40474115359744545,-0.2924698661872936,0.25539669142314564,-0.2761859739299591,0.30045514684039276,-0.31894608759239607,0.28699187970813517,-0.26716669424766953,0.30851645005476946
59,1.5700447889096707,-0.9383023299957376,0.19324269968873575,-0.21687762347816772,0.4968788841357644,-0.4827258255138954,0.2776117985072579,-0.11631383169731839,0.3839057459312642,-0.19788940933557744,0.40199948499242666,-0.26563155809128547,0.2975084933067889,-0.20004184076574696,0.30956945345225606,-0.2943615918176095,0.2691318858357195,-0.29377946555309586,0.3150254429208552,-0.29043458373866166,0.297285797540761
60,1.237163700777819,0.3452599364252071,-0.05992444288330526,-0.22909310608088276,0.017487014275538316,-0.3802692781549824,0.3683183193201324,-0.18151157732446893,0.21890858869164628,-0.1375521858518888,0.3788416353817074,-0.28394061409118215,0.3631742384500354,-0.30419234229897624,0.2544888437056176,-0.29102280428147914,0.31205503593184375,-0.26759963900143086,0.2951516289941469,-0.27805096266117607,0.3099973124021063
61,0.24689676327846366,0.16954363833279704,0.28151844138683635,0.09091521652186992,0.27296412355051036,-0.06391039298895383,0.6899888356656907,-0.20071674895611774,0.010856989076899847,-0.3326804997266499,0.2781085256089971,-0.23984034317549716,0.32332644842804886,-0.3578206300582705,0.3457457714365619,-0.22759240588485774,0.2943580540111966,-0.28545785662610507,0.3017350214747575,-0.2846848330923506,0.318570261844836
62,-0.5233096997977399,-0.21741134396474315,0.5290992106457866,-0.6825265300859241,0.43686506149691684,-0.36329822436329384,0.28279635724132257,0.2440055329133869,0.49692875193253366,-0.343643865740209,0.23054915663046274,-0.3127967838520292,0.403425630127404,-0.42894394596333024,0.30824400248021255,-0.21792226290990613,0.2929266771393563,-0.2936528064539605,0.29352122291544885,-0.3099117013996094,0.3124715448816885
63,0.4843051296303804,-1.1646047578082068,-0.4133359965734735,-0.8342843327687949,0.384365907650021,0.050096844504061634,0.35071257604998013,-0.31448926305133257,0.354294686811852,-0.23534089627911628,0.21271500776971955,-0.39372713030435885,0.32138210373393805,-0.36310557395400755,0.3370608261814415,-0.289092573462767,0.36726407565159025,-0.3111693233892638,0.30538878317100593,-0.30401343264197017,0.31568987465520426
64,1.3189500181163034,-1.1081939477663822,0.39823710610032276,-0.10159683915938364,0.7126049400023233,-0.2433985258214861,0.6210549589840426,-0.43733965743204595,0.2679125919519991,-0.39364293221827407,0.08912203080440366,-0.1697543523490323,0.36331574968991287,-0.2935311135723478,0.3059813622887201,-0.33244030469491,0.28929476362483564,-0.31579241047238765,0.29693283461198783,-0.31199072724492455,0.3112292261308783
65,-0.37287515203642435,0.129654213323189,0.7859440638384927,0.19866334297951574,0.3636395107390516,-0.109028896282367,0.4103085031404528,-0.04251630791869352,0.3613063681716866,-0.24322970990354698,0.2582283158736077,-0.4369535535854612,0.1909296777169173,-0.332990765866605,0.369538928099719,-0.31891816074930995,0.30540652325636003,-0.30114754208088357,0.31504569421696493,-0.32975765233348975,0.3077997944000772
66,2.3301117724978786,0.3667454817494936,-0.1796985537648679,0.1302178227190688,-0.15651345485756468,0.07780453115921601,1.071668497238821,-0.5600109666911273,0.2694905318130207,-0.11456125994359416,0.38156317499642983,-0.31072615071404047,0.3797791202305445,-0.18081230470949736,0.22487861232337572,-0.2621983132261357,0.36010780194716435,-0.271354508477787,0.2881548063372562,-0.3171907194165038,0.297756077888603
67,-0.6729949443799292,-0.6643997022669765,1.0421045550230483,0.0039051670952768955,0.5013155108113752,-0.825254888707146,0.4904736064863684,-0.23862734009737296,0.4557128634334853,-0.2169533812037901,0.3510689789751145,-0.3476384792683499,0.2751095882182617,-0.20388134815860878,0.29747660759855316,-0.2628460352654463,0.28315246396456767,-0.28312945964397496,0.28129511116156314,-0.2875162245888638,0.3028494299329059
68,-0.08765540513528487,1.247165602508362,0.6191521448264966,-0.09366423286191336,1.2094576679080864,-0.252795757904846,0.3234578103446972,-0.23195894462288016,0.3184205430069177,-0.5323183071301579,0.25018611375501065,-0.29301361020348526,0.3027101747066475,-0.2738626389063777,0.3057742229643658,-0.27321432228568737,0.3027805477582058,-0.2881739706762168,0.3038137177606809,-0.2831681135499699,0.2967051467155109
69,-0.0007624369291516706,-0.7441350262925093,0.45735993673818187,-0.3081765543722643,0.26292541056336166,0.19049006929791973,0.48093255906826315,-0.03442482917480222,0.1060670227363404,-0.04493758685727806,0.4055244064651342,-0.24701571487615526,0.22649570104426023,-0.2585934345348903,0.3071481409229794,-0.21446620066708894,0.2748620769840933,-0.30692342507832393,0.29233506721226266,-0.2895288764336372,0.28578262257477716
70,1.0823530067070863,0.6767576204782246,0.7582241315667241,-0.2223719595664701,0.06513847356655815,-0.2932368919977494,0.05444490624528964,-0.5196380133227413,0.45765547465117257,-0.4646536899886928,0.2642618987270398,-0.1916527696803542,0.2704532324126651,-0.28910927232611394,0.3492355215205313,-0.3119701358173532,0.3628496257068603,-0.30627885531912674,0.3237889727645755,-0.25887738531406396,0.31513514783777846
71,0.3467020832635325,0.5615281473114907,0.48830889347808465,-0.2755314604218411,-0.3600399735437447,-0.10731159554605386,0.4681645168436486,-0.12833764570794254,0.3443151478700331,-0.23686055649583915,0.2272743909939572,-0.355639619954124,0.30027243316653446,-0.30559814541041364,0.3283428728067979,-0.24029455606936717,0.30472591703708035,-0.2700345613724065,0.29865841557808315,-0.2833199481206976,0.3026067952676778
72,-0.5042015394509518,-0.271188965458086,0.4726943920529841,0.18527267624167343,-0.07979276451624917,0.15764988560695137,0.21116252481292622,-0.17846194061796003,0.266988435472099,-0.07034586723011453,0.12290529531665759,-0.3153018348515308,0.2918524830280866,-0.3040511398515852,0.3724729039985014,-0.2506621602531642,0.3165684934893155,-0.2767310365884653,0.2908411451780255,-0.30603683045881785,0.3084671458934307
73,0.12818344639949258,-0.6754579442950178,0.48103043648906585,0.2032666266866894,0.046179305462547386,-0.46794531872782935,0.1534126728670516,-0.3636666917032128,0.21894576787699851,-0.16382736469674092,0.27478748595729574,-0.19074141588292204,0.3474057227602203,-0.335882792943028,0.3006585673194538,-0.24757509740202235,0.31014996310812537,-0.30603532937347144,0.2993539187573464,-0.29663572005627287,0.2965189212407987
74,0.2317863848475267,-0.9586168360763211,1.0098841983123807,0.5183439436918312,1.0656356090389014,-0.2900174752054339,0.21505124826073088,0.02647210421774695,0.5259372260406694,-0.19594448408291143,0.4218368709692011,-0.20693118475325317,0.3085808204522916,-0.3229443040067462,0.24428400806941003,-0.28645325089998575,0.2959514187247808,-0.26765656432010504,0.29333657880558767,-0.28479283126606253,0.3199077874625861
75,-0.069993047978187,0.19396765905462887,1.7266412848949044,-0.9304346441824843,0.542522087478341,-0.5201601208219988,0.31771569505663083,0.1517562383426091,0.2109613587819065,-0.509895084946615,0.28095804434169336,-0.2976446573527636,0.2968211113500493,-0.36436306444629213,0.32340288070314327,-0.29513994660157594,0.2936651940495329,-0.29235961324073784,0.28086925795484025,-0.31191787109195734,0.3065246355512792
76,0.6313541202735237,-0.4524053828876751,-0.6539622373384812,0.03665481202031011,0.9554241088787297,-0.10316211001211993,0.5806512765461511,-0.2964401262464604,0.2232791909022805,-0.21003210891826837,0.2640667661072339,-0.24103157516689067,0.3574985047377196,-0.23834689617116692,0.3915145048157997,-0.3074531669914815,0.3079846007448774,-0.3059283338086441,0.29858043970817394,-0.3041840259945549,0.30932018986210874
77,1.224533197119231,-0.29392656113655674,0.6214401930489465,-0.21462841417077388,0.3896120360189703,-0.3890095374328423,0.521322643019424,-0.3040378236591981,0.6620150549523642,-0.05924937882566953,0.08168391265637197,-0.2209100452890097,0.20844849144640637,-0.22280995721347807,0.31562412302506404,-0.29675070295687345,0.29762345231494997,-0.33930275964200973,0.3131798984390706,-0.2988869669538036,0.29730157138223934
78,0.8310479339004931,0.1784089184139978,0.572136063217435,-0.5924853758183333,0.4393580967938989,-0.4654569676962189,0.2055531334665248,-0.47727763868107353,0.24733969742666,-0.32080296785888884,0.29081573893192497,-0.29831673662119507,0.2568528744140222,-0.3144574131425842,0.3216323815271964,-0.2717667715975096,0.30469571226682546,-0.3044795083539808,0.29799625066372265,-0.30725926961355676,0.2899391357987004
79,0.0001558925185041631,-0.8485808180460707,-0.20771765935005795,-0.7865804269645768,0.46217421063492736,-0.5049733620128524,0.5449638996361936,0.0486895981653421,0.16975272569228242,-0.3594012449963493,0.41447193716459413,-0.3394744481912058,0.3082110235452233,-0.25662973540627676,0.2651456645595527,-0.29228115978347813,0.30673068253560465,-0.27340965462066935,0.2769865061486052,-0.26960468072720856,0.29963819667077735
80,1.5632648743248487,0.10403321115010648,0.23001284612626835,-0.7104584611994582,-0.09381912235423126,0.06418774580096574,0.4088912234848294,-0.3258945015649083,0.5605136729718474,-0.06799169828643732,0.23444658653287034,-0.2058589740316701,0.3922118735884304,-0.3033472125903774,0.29394904030197444,-0.30450733518675543,0.2361193675723239,-0.3214995457294555,0.33619960065409504,-0.2762890956893969,0.2943358690949049
81,0.28519488317197655,0.7081171210757718,-0.3122613507891822,-0.48984568372657605,1.23199232734594,-0.25080641921170044,0.6570102941380459,0.12016759970924856,0.4376368847875259,-0.15658020631462854,0.20955306333543908,-0.32024017323792014,0.31905002106417835,-0.2281497134067518,0.3526991614426065,-0.2618929994399196,0.3207272449975147,-0.3005720107024446,0.28165829794815783,-0.31237938528380804,0.3119354507657171
82,0.6910078292340559,0.7630239347949477,0.4339014211120382,0.3489345986257359,-0.07286000339949654,-0.551741605207313,0.48745585181454265,-0.28048006521182844,0.2202980954552284,-0.3948219324318502,0.3858080384319854,-0.28611810586276787,0.2862145071862649,-0.29284689321390067,0.25238951991803577,-0.216472214743279,0.2966126185088219,-0.3010391963981266,0.31922072528653406,-0.2929122986258559,0.30464041335273034
83,0.8578072081426222,1.4281649305339377,0.2825849306432787,-0.7430714863829236,0.576499055034394,-0.12842112741102119,0.1675881369295481,-0.20431346045216223,0.2442646249250766,-0.2979431673888896,0.2945780432814224,-0.32450705917045364,0.2719804879931317,-0.39818624563870375,0.2391459219944326,-0.3168681163984709,0.32899945503297146,-0.2995508305778956,0.29850597088554504,-0.28284780188648795,0.29029453776047737
84,-1.3599480028027902,0.25410482990630523,1.0327171414065897,0.766193239588905,0.4916722480785327,0.0914584187318509,0.3054302213732412,-0.22223197584054225,0.33218144777112857,-0.2567851287846569,0.3093564961069703,-0.22129136622663675,0.4533195438852801,-0.26143229621778696,0.30641946578891893,-0.29950421145994005,0.3178264100431973,-0.2809940437836113,0.3307013677964253,-0.3196434686462744,0.32191570878869596
85,0.8024357220304277,-0.9915558860687619,0.5681940118123451,-0.09331114356750718,0.24795602146500145,-0.08941430981923405,0.7294795518135423,-0.2699426901863108,0.33538858446617525,-0.37516140564755956,0.22476487146428417,-0.24452594215710657,0.2547410875664677,-0.3253803520069893,0.27882773274676875,-0.267624475023263,0.3070720158233283,-0.2646112652649096,0.29975283232047834,-0.3114314127438214,0.3019878625136107
86,1.2713858263400146,-0.2601438212880351,0.07794259313792674,0.18991628711458053,0.28197400721441623,0.146126586685353,0.20554859773970385,-0.16255440382643999,0.37091724036557455,-0.3311988317351845,0.36369217595726583,-0.3676823983321315,0.3792177408628822,-0.23347301183135585,0.2944722542234512,-0.34534710671680713,0.2831416647253935,-0.3348161768916766,0.3016456371383318,-0.2882082631653688,0.30967879471953536
87,1.492056261849352,0.022498213923254528,0.9763142284890588,-0.9419714180214737,0.6342497187007298,-0.33208489346732856,0.6221259382342027,-0.32481215518242557,0.4631105987607656,-0.2830336558697047,0.37244556341386137,-0.4252933065417866,0.31071359984084074,-0.3509498170647358,0.2990156814548736,-0.30085361646240305,0.29064102472411824,-0.2840415116181848,0.30225675784101935,-0.27905631702202593,0.28222943413439433
88,-0.0762021953389445,-0.4753951238169376,0.5622043961322511,0.2284970390039444,0.6714364976572166,-0.26616297590137766,0.4275040937997111,-0.13451938746679887,0.41267683822220935,-0.2841253070689544,0.32765885560357194,-0.36330714220658317,0.2598826710241872,-0.2577432771305311,0.33007627886791935,-0.2771333534253081,0.35386763103702107,-0.2623130019579302,0.2896401541681459,-0.3101127037851765,0.29006346774232233
89,1.4891533779317763,-1.3151649923442272,1.1450188675651969,0.12250008072319264,-0.18572517452211093,0.01379434751262051,0.18030715220764876,-0.06991835443060443,0.2689315682298651,-0.2174136528101576,0.2187500533909122,-0.30096106110657267,0.3429134068904749,-0.35218868967598116,0.34111066813162677,-0.28802324543496455,0.29072663748905153,-0.2961351463729385,0.32604299892209715,-0.2918775918039086,0.30511671964128395
90,2.0584069398138163,-1.1171365554397419,0.3936932460321217,0.16933078303469976,0.18687774182214192,-0.13599742849167085,0.6450967203663155,-0.37092268961643887,0.4835277134568024,-0.37128928501921266,0.335311954594914,-0.32454481217954256,0.29752504085598874,-0.2637623150377326,0.29148051285390914,-0.31850976224731276,0.23382902816405635,-0.29900618826889247,0.30959223780693185,-0.2938623090376386,0.3202304207063602
91,2.1315747663417257,-0.878165025861126,0.3719326533536536,0.7695727951931258,0.1809632947734431,-0.08700315563707005,0.8611247018024897,-0.05448706196704055,0.37246933447312436,-0.27727288027022906,0.45227828039453966,-0.34222044538272295,0.3127774569063636,-0.3424338796184512,0.3650887464008884,-0.2732067336461194,0.31440031964166,-0.2669028136128545,0.29215602912182026,-0.2755436558419839,0.3094599039817904
92,0.33345544330012417,-0.516334428522087,0.09284988815148193,-0.03825110825694213,0.6165990142248301,-0.21213796565377224,0.8836711620937105,-0.37909956395198663,0.5256374764118968,-0.21160670698122713,0.2747607945255153,-0.28371869263988925,0.36120208988689084,-0.2919142630404748,0.3905121443499003,-0.3415452378734043,0.2758320862744076,-0.3235910491390349,0.3429592923645543,-0.29040625775633144,0.3074144635715539
93,0.599143675121832,0.07044908463996985,-0.4221681852691871,0.028583471872598604,-0.18992480013547805,-0.4570197551819945,0.4915849113564792,-0.09509740759988616,0.25899166600742557,-0.2582238205144355,0.15442748624594155,-0.26607567870490506,0.28142662870007285,-0.3521325910968291,0.2873030249127263,-0.24161830613498186,0.34542383371714364,-0.3097953687813098,0.30738591420002165,-0.29456193870836817,0.28531089941269816
94,2.06470010771413,-0.036264587071250826,0.5330604124628713,-0.6090499068649764,0.5319539373440751,0.8587850767398112,0.3981986271411436,-0.035228205560866255,0.3368185488469558,-0.32062617417157213,0.48817793523149094,-0.21403572919147187,0.37469272419481026,-0.2877556251274845,0.35681684182405393,-0.2003299786954273,0.23704131696741595,-0.2518656854695248,0.33622241572562367,-0.2754643378077418,0.2864568747936606
95,0.7228428929668586,0.478267719810714,0.8485142963849351,-0.04945233066819471,0.3697810186862498,-0.4657517567535423,0.35748654565358734,-0.32763297566023775,0.1967891720213171,-0.06532409698949572,0.2843506877060333,-0.26780398239314496,0.4033038653191358,-0.3426179692560231,0.3552375048058365,-0.26342104770672403,0.32711871137004067,-0.28407171551199095,0.29862149864383736,-0.30011327426810064,0.3077967338933161
96,0.7127255696185901,0.2545239530741569,1.3096710692696638,-0.05105249646894029,0.9069371234109666,0.27438916908702626,0.045074068608501015,0.18821669520665993,0.23778288546509366,-0.16071768585934934,0.46873058924453953,-0.24225905096214503,0.3971804502905865,-0.2732047170649266,0.3403448834342999,-0.2730936952736799,0.2872911558659167,-0.26381209083065416,0.30122958533527155,-0.2770761849248495,0.3109073988985241
97,-0.4325549554580944,0.4220430323743057,0.12379487133465004,0.40752712653109935,0.2933068099632358,0.21887178573130975,0.42307900301606094,-0.3158003455572855,0.16435696226458402,-0.16268805402495534,0.2593700905554318,-0.3174560226146964,0.3226020472531127,-0.25476438921301964,0.3130282688411098,-0.24662705495782258,0.2787606706100343,-0.3055695951681981,0.29955549786608004,-0.29481362119411986,0.289145596561956
98,0.6722607651421475,0.18525895378782742,1.7892681479288668,0.3341905702448001,-0.11756524583806477,-0.47144818521659304,0.3425195070351245,-0.5223221705237242,0.3523891630952094,-0.3167115038160003,0.2265607840000275,-0.29314529679977286,0.3732825034810063,-0.28033412130703345,0.23495964897624397,-0.2901578873703824,0.33098710933968445,-0.2675866524440386,0.2947405408749692,-0.3153989976006206,0.2976629053007326
99,1.0352793150476913,-0.4280323531026471,0.07496254182562827,-0.6318565754170596,0.4302227185391402,-0.25735929610926805,0.592407001597001,-0.201204497271085,0.23455040164747382,-0.3633734792198057,0.38828048669847354,-0.24587727698792405,0.41184532356208686,-0.18561109887344135,0.3538390875533938,-0.2716860069362805,0.2765757328246643,-0.2764479335931043,0.2991482918030036,-0.291190467182853,0.29433828898765557
100,0.06924582247490749,-0.26242682802627293,0.03888959472671703,-0.38932990007737234,0.1234852232318219,0.0284819347872893,0.14011435392690683,-0.16566179633385775,0.30472332150159714,-0.3307891428890382,0.2685187494275417,-0.3579249991013709,0.23803698090787043,-0.26492175300916376,0.27668486723534774,-0.31512722663147513,0.32064780563127837,-0.30789095549451023,0.31106153149270815,-0.29742156730368124,0.30132983169985955
101,1.0881080680216824,0.7540916497361648,-0.2601460511573854,-0.0764478566161511,0.35624615012414146,-0.12460346100648527,0.06534756225320636,-0.21117340684033584,0.5780734326563074,-0.13152791151735338,0.35014454235031023,-0.3388135595476644,0.3460080138762298,-0.3227203993456775,0.3122328096158923,-0.3185470995814174,0.32756761040286897,-0.2683333784648179,0.2956470960704773,-0.3018121365317179,0.301477216961343
102,1.2312413004808649,-0.3539373772505264,0.10046603590086879,-0.4417850716110738,0.0799928641641007,-0.2726339794521158,0.55026116982237,-0.28865555774440027,0.35992786660381454,-0.13713026051907193,0.2927635576523289,-0.24962755124227656,0.31279577802536696,-0.3307895883816398,0.30784599634292587,-0.2822492377494056,0.2990179762341981,-0.3244392584869359,0.33868580276467053,-0.2924652554292702,0.28928075251333685
103,-0.9521430075105681,-0.6715671096660909,-0.23150958067750807,-0.048350246350752496,0.2569601873076782,-0.32919518069197357,0.44478025819820793,-0.1726517553324368,0.24678165342842534,-0.032567719666805106,0.4219728641325145,-0.3380525492913849,0.22493595293995883,-0.2901971089793342,0.3058625590151226,-0.2903449565042225,0.33644485298584625,-0.31776674165381424,0.28461991490751115,-0.2940567019297243,0.29563488207597705
104,2.4151194556418205,-0.2810647213283815,1.1002095021548775,-0.2148336841504247,0.8476725662607527,-0.40991765313247436,0.18533547278152762,-0.37345088293206513,0.5060571313073635,-0.3137040582143122,0.4804054024874781,-0.3342192037281057,0.33594469924911885,-0.20465782445331976,0.3298751737441712,-0.30929741611341843,0.3280286667847442,-0.28062672141532347,0.2841853081500052,-0.2789017915328133,0.28728412737319536
105,-1.0269673391773997,-0.26131536466453775,0.3491974286094842,-0.1699807702227365,-0.022311253818514305,-0.6977935630273806,0.5879717285857234,-0.4815719714685477,0.4099024569512258,-0.32604116215393164,0.3736758196423399,-0.18523332598377823,0.4173455353267988,-0.31190977857132374,0.3055335214279825,-0.2732005360409815,0.34796613469718984,-0.31426743341599006,0.3487844833028434,-0.29921811389260816,0.3141245814394696
106,1.3382663227052445,0.6327196275978556,0.7690675591184678,-0.489583081547675,0.4595703698821824,0.019321569686362516,0.23652223552468665,-0.30927155447835675,0.5478828686058355,-0.30925033074454067,0.3092162562703912,-0.2178944038010376,0.3436198438509284,-0.21811218357018516,0.29286755708459233,-0.28112253487555106,0.31375596272926176,-0.3119116424020559,0.32962080285949813,-0.31397629026798274,0.29834752423700517
107,0.866801599223587,-0.4772502081645869,1.1249428337791543,-1.302732761539975,0.27876941776625197,-0.5286530867169805,0.38725672524654503,-0.43662758059007045,0.3951470437592442,-0.174357427348386,0.30451990503774745,-0.26132741464680487,0.3471430277960404,-0.30234561998482923,0.25255875558663504,-0.295746641301783,0.30728703211749797,-0.2946934346605158,0.271225460029764,-0.26815783054139786,0.2987407887217967
108,0.8199699739373132,0.728849410808534,0.01770676167515643,-0.7543278797088888,0.5728698955587084,-0.05581044557032031,-0.021449919959617567,-0.25468315468213604,0.2576065198014745,-0.2838364847678433,0.32431883596771455,-0.13950433195301656,0.2747991647151287,-0.20044835426058605,0.29015566083459515,-0.2674524669709724,0.3048578560908518,-0.2784999139232546,0.308130247925494,-0.30435801615756847,0.293634139920187
109,1.0641726082999308,-0.2912218893544368,1.3335161411270493,0.27466345343679366,0.48027368633098927,-0.6759401433073391,0.6619060523394288,-0.011465536863359261,0.1228014923394019,-0.19038962425467207,0.2629759248957907,-0.21394420623680138,0.2760817175463393,-0.3310803070472773,0.4306983527671436,-0.26685829853853876,0.28777950051763773,-0.26215353204353753,0.31017219324599415,-0.33380707742900756,0.30100013514158197
110,1.3374459213523997,0.833239833706507,0.4216902308471427,0.6340696249439627,0.7640548803021785,-0.404776201602949,0.32529599990487934,0.039506051906064536,0.20631400751515852,-0.21138975667512527,0.33706396104060665,-0.05791245108376437,0.28203825779641106,-0.32921589839932325,0.34358751503897345,-0.298311921857298,0.3644829390917781,-0.3230727964507976,0.2720609841936143,-0.27229798443044734,0.31457556592033925
111,0.6903709469209709,0.16477965395258934,0.6439824487853266,0.14288840986391507,0.716650513280338,-0.4052869887588587,0.24026440656153217,-0.5367234630862092,0.2829357001819513,-0.18142839253650586,0.20231413505031626,-0.32477003372763885,0.23228028979263013,-0.27930959369419606,0.34187776315621393,-0.32999971886854157,0.22506311689366393,-0.3253308326058089,0.2992373179167566,-0.2970616509825159,0.30275203136496787
112,2.064414169379516,-0.559002668547971,0.6971700101586462,-0.31352475198651414,0.8491326153189585,-0.39804539103499653,0.3013482158584703,-0.29350503012991264,0.41476126694387316,-0.23379943561619868,0.4651114502128184,-0.18357950742555976,0.41509877735007866,-0.2787414705362816,0.28852940548482325,-0.29553787658061126,0.3635814570192883,-0.2954854900563563,0.3203433844525045,-0.30802663457443213,0.31216838762671323
113,1.1673535006234457,0.26637071387839056,0.30516212334913406,-0.5109580180657647,0.4254378135018786,-0.24923571956915605,0.37877440734453055,-0.41953896936057306,0.5153768158273421,-0.3289727299393219,0.31137825779662065,-0.32572600835183624,0.4614399581465518,-0.3357235729526213,0.29969232917141325,-0.31600180195773725,0.32695304850842205,-0.263006878204166,0.30594570061487736,-0.2874325091100888,0.29853532948122513
114,-0.11445803082523665,0.37443634211213345,0.6086246955805021,-0.5076643561228811,0.6232038472849479,-0.3462669357479587,0.31195279140920057,-0.3013853281707914,0.5070369112652339,-0.092305046955981,0.297205364600281,-0.3335274038613414,0.2399021113483707,-0.2804953687076643,0.26800943423106377,-0.3670882288146246,0.2968545338314247,-0.2884436525978059,0.28775257278713073,-0.2762042356139311,0.32171420911240456
115,-0.17049073489239758,1.0957047638496853,0.4286273605670633,0.12324636500653947,0.3024227055860793,-0.22851778213834895,0.21217090361168037,-0.458454827373909,0.45886019107673853,-0.25332556031089837,0.23649598039467193,-0.21522159932272936,0.2796844815154969,-0.1793798746695498,0.4218954610517129,-0.24099690515635508,0.3085444389148505,-0.2855478484697847,0.3194271405333911,-0.3195052811815201,0.27882075302250703
116,0.516140318245572,-0.1167013252262907,0.4284202354847565,-0.4252958354528983,0.15759310439212446,0.09513778998090884,0.14767348329795657,-0.19572650350076753,0.03043135769674299,-0.34668374337530394,0.37340879255006204,-0.20932993196978372,0.25734919024032615,-0.3492604569512778,0.35124184737999864,-0.29299768705943596,0.340810203380826,-0.2800854931102145,0.31601671194440717,-0.3386453853999504,0.29605474997235887
117,0.5777431845303644,0.10668769987997126,0.9730904464907614,-0.2700169614770924,0.719933368728128,0.004633100194308266,0.22459817803934543,-0.4046110803713542,0.49136542184558624,-0.3725000694617219,0.25322310621406774,-0.17349514906494484,0.26905913675378007,-0.2874988837757349,0.30468635930049665,-0.30109935937986676,0.3847248662457562,-0.2954603532786007,0.27941080065036394,-0.30775351048036864,0.318789798789794
118,0.10605259961849255,-1.726788428014511,0.10456364648335195,-0.42678200838388797,0.21148008564762882,0.26482727065876954,0.21262967502603122,-0.4693754933085752,0.4395125150087587,0.038382901212420314,0.2746804250528933,-0.21525859224874008,0.25640324846584533,-0.3075006633358646,0.3100698402534708,-0.3616122915072893,0.29724004922248515,-0.2798327331432382,0.323666310760024,-0.2911670330628455,0.32092027461747036
119,-0.1133327992813791,1.7333431121184755,0.589849132196648,-0.05835444411061175,-0.38430418542330563,-0.6128147666031446,0.06460952462360932,-0.052003829524370444,0.164554296073684,-0.21559706929077332,0.23926666735361887,-0.2607022745173197,0.26915892863695096,-0.2750492108125697,0.3233379166097163,-0.2726950058158949,0.28812134333106015,-0.2816756783232392,0.26556280308363717,-0.29865083074587606,0.2903954064090437
120,-0.5409430415776155,0.2051884348217027,0.43365974539150604,-0.5998724199714506,0.11050993379110073,-0.02777716994274588,0.6098934261464514,-0.07433764581105745,0.24661360441815694,-0.14154230121606673,0.5354098258944997,-0.2527474893616016,0.3739330484112589,-0.2528912510250522,0.3206414305166603,-0.2641077673537807,0.33803666951138756,-0.30069176915445556,0.34247861219875786,-0.2793138862154095,0.2968922716396522
121,0.5241100910012966,-0.7485260512761087,1.0465386521525057,-0.18078031670564715,0.3651245192527231,-0.029033388361777712,0.3386028276085137,-0.10197629746794946,-0.05463572159993156,-0.3003851827718612,0.33133604137097544,-0.2139394373681893,0.28385648835064065,-0.21425616719045687,0.32367754864290843,-0.3084493056769694,0.32225997055174743,-0.30182026766929215,0.33648544262231456,-0.2830442535714115,0.2837387115260044
122,0.5602746443888832,-0.3362843564574568,-0.02795529682157896,-0.7109482003016595,0.42086226021527035,-0.16592064802683487,0.07850831113948681,-0.36010517732270647,0.0220776416357144,-0.32071345866493073,0.2753837314916548,-0.1451470718283758,0.2986509578477013,-0.3011496493425669,0.3754762255985261,-0.28258439690833775,0.34257181779612006,-0.3085150616061261,0.31348945213201335,-0.282493288824852,0.2837967941949541
123,0.5205066832095068,-1.1564794712061126,0.04417840882879515,0.36782435625108195,0.30847155833598,-0.2182686081134617,0.2779032058069522,-0.26302167933360426,0.492002348052689,-0.16558893834011873,0.4789005645827829,-0.3993654509847965,0.3801236740259395,-0.3131051705074139,0.29841593106798087,-0.3248475194622789,0.2959878742480443,-0.286119865071229,0.2974137441299363,-0.2781212440326312,0.2964395769320433
124,-0.1477016996574151,-1.1628033068199468,1.1986795930510066,-0.17947369631546056,-0.2229635765383329,-0.2820679132965149,0.04505281708603466,-0.37783547128805156,0.018232667883734233,-0.16960853674674728,0.21248915826987308,-0.2573384834480453,0.2182913661605519,-0.2988895173207033,0.30026964162463277,-0.25067515665953877,0.29951470164933425,-0.30470757249482033,0.3160711471663862,-0.294766196393011,0.3108139568940995
125,0.07003657117161233,0.11918064289029,-0.11661720343978377,-0.9842793361351158,0.2387743301599267,-0.033611280816229175,0.45149336297711845,-0.16289750180764154,0.30612337372606,-0.16960011989205273,0.4473802356010334,-0.3043549517584127,0.30896029280864723,-0.2792866682642073,0.2741947205791321,-0.2727716777167445,0.3224286904511576,-0.28281862775341443,0.3041623671236846,-0.2934758359111615,0.3105372448423713
126,1.8099793425975779,-0.792518092391939,0.9912373145114944,-0.37373222594978034,0.589770751417598,-0.08757823075985405,0.21447613582676264,-0.2592451147950468,0.39801263309857154,-0.26812500507142784,0.3762584779554802,-0.19284886687169692,0.3154459080417413,-0.3577184921353253,0.3490044663226536,-0.29819014732260096,0.2923481183536284,-0.2683269480849477,0.3724624358249425,-0.31459116078057914,0.3258219528948886
127,0.39918579666127474,0.8677668335748295,1.0488952078791174,-0.24186161789868132,1.160609442442498,-0.37401354794329084,0.5247931212235716,-0.2724859397404117,0.16436457152088418,-0.3898473965307785,0.23532351180332986,-0.21873592329757516,0.308269086384721,-0.3101054632873062,0.2734245398215862,-0.24077523827609182,0.2898035045636746,-0.3071452972413839,0.3150667626128973,-0.28974119084312394,0.28803976024729566
128,0.42737184409049833,-0.7650545808570147,-0.09011882378420766,0.4217926349491137,0.45319678912640005,0.2778790745583155,-0.017936115804248278,-0.3690146363937448,0.3064907179862987,-0.1660044208094378,0.3287947591946824,-0.3401761769340822,0.43261122561217336,-0.2442232373693704,0.24143695174193835,-0.2491579179446438,0.33020415450491836,-0.32461067474436067,0.3356333558359938,-0.28352802215967027,0.3051017456243166
129,0.22049697739046026,-0.0356294564201721,0.27108922790934287,-0.8473912095923395,0.002375823712396321,-0.09545696479746271,0.354331779285875,-0.08781195217438859,0.5450801741385769,-0.25955162897217715,0.2453301061825025,-0.3932450819905098,0.40799633997440865,-0.3216493078508178,0.37286758251300645,-0.30843795539694524,0.27999578019911153,-0.2808242919014118,0.2826456538052767,-0.2877292610033643,0.2869818642152283
130,0.837942956787515,0.22315557907979044,0.5277156163245048,-0.29587330310436827,0.5604782061517751,-0.45028561522780813,0.10034193564584651,-0.5206135433748103,0.3408229697089394,-0.33467909368520615,0.3938871440002865,-0.1787895933191878,0.34391972036020024,-0.22784980166257376,0.32665353969802613,-0.3077558906876641,0.2852105010177416,-0.3067478650262023,0.30521963518675,-0.28418418070692225,0.30595443546412243
131,1.3872647094841832,-0.07382642707180549,0.8446733634453195,-0.044196409469228315,-0.055895813029597514,-0.1864522352962887,0.9968878250091711,-0.3187059200578382,0.2978850168830038,-0.2928882629372154,0.3207825733800995,-0.3216348325989716,0.3254050711278535,-0.28881163061882853,0.2727994687027716,-0.2468855025859552,0.32016468897648104,-0.29537363960081053,0.28138666643703464,-0.2794667150937534,0.29413361376614144
132,0.400273959618433,0.999219099335185,-0.11305791245221446,-0.03744609436593664,0.4141812308335261,0.614731354192467,0.5917834090624631,-0.33769754107893135,0.4744835184700038,-0.2536962623383748,0.42324170860634397,-0.19185451003381251,0.49647049263726956,-0.23028762759328492,0.3574064057895829,-0.31745770613453483,0.3543151027953304,-0.2945894196209636,0.28937138396025797,-0.3263835388427826,0.29901724939475965
133,0.8942714276751683,-0.22567479553287398,0.06942695815762213,-0.6608018812893127,0.1403061295367895,-0.3156449178820384,0.18052685027320464,-0.1922569881893066,0.1107533563328742,-0.2448322280521013,0.21068266885347184,-0.3118159974763537,0.40070315814921387,-0.3473667928376529,0.30592535388843517,-0.2986554642832932,0.3259211784553034,-0.3155895262383678,0.3072983709786146,-0.32162469844311337,0.29598524804958803
134,-1.3119380991155953,0.18548103909372282,0.8329641192894638,-0.32679949837141165,0.5047392745915932,-0.3660632193601761,0.2822826180123094,-0.055755815585284405,0.36550352132689967,-0.24696443052037034,0.28079533420602254,-0.3918484187798344,0.3579019561882963,-0.22394745026327934,0.3696691419953799,-0.3071746692658202,0.27661122837547164,-0.30437903412218453,0.2932735081982481,-0.29669400598201556,0.3153779003121501
135,1.2616444694806719,0.5883913802045226,0.20757815118539907,-0.25099539317617725,0.780081670401459,0.18987119687319248,-0.1818850676592103,-0.27478873486395194,0.41657598606566837,-0.27738156469277153,0.27544532550106104,-0.32017416491679546,0.24874453185440898,-0.2764585037363751,0.24916708811429372,-0.3380497689188985,0.34402553984636647,-0.2959813632073601,0.2951857084857219,-0.32311202330190536,0.28157211199898546
136,0.04539535084996335,-0.3571930861119607,1.1598467269649912,-0.42804449558484714,0.5376415537337748,0.2701387667624846,0.8456433824398178,-0.030345570013414865,0.3622018781392354,-0.1496371388197218,0.3904705793517771,-0.38152716939052755,0.3812979124619264,-0.29908543144736194,0.3069643211602058,-0.28413999610829305,0.2540845887948425,-0.27672375168037977,0.311704165984401,-0.2934696463463678,0.2991563022189413
137,0.2463788022198078,-0.49516236372849154,0.5865407720140403,-0.37935471437509777,0.32728434224170455,-0.19907886638207942,0.6141300408256843,-0.35077928548355475,0.44488264220140816,-0.1413823110160265,0.26500837563670226,-0.32752578966451945,0.31038165989110544,-0.2963975724883479,0.3126614074408786,-0.26391214820888387,0.3304158026503105,-0.2841182983925004,0.34331628493164384,-0.32429363020357027,0.2921876875115303
138,0.005341536738213137,-0.40700882726827015,0.3872994521418136,-0.03847203300926895,-0.01775827835428677,0.053873551934743885,-0.05016715711155125,-0.3228257526838135,0.1806162283277535,-0.12491114576534043,0.46554424521360843,-0.3139606593125204,0.3085379259353709,-0.2789807927667533,0.284480042700027,-0.29477757943603644,0.3047323900070872,-0.304169237981985,0.30105569903440177,-0.2669334720326893,0.31317638568774303
139,-1.1040499882096446,-0.031098054317059223,0.23088405170933085,-0.8559875920047839,0.5000041773438583,-0.1232033859603757,0.35670836766306746,-0.46885180966358353,0.46876916962480836,-0.2108279887306424,0.32591221710122226,-0.3385820366329453,0.28963458847427553,-0.249421935102897,0.23843885392208491,-0.28702864287939583,0.3235680029167849,-0.29312999673223494,0.33565250279038955,-0.30248491706931496,0.3196523841216857
140,0.37711271996151496,-0.3639217242125292,-0.8997369822009225,0.32803382844394957,-0.026327996306355905,-0.4495559887769031,0.46106113201856913,-0.6381382936661705,0.11310698602014149,-0.3648752830056497,0.4602993987688884,-0.20551921038007837,0.31468086342038387,-0.3337524623468888,0.3545633900031568,-0.2893763715420338,0.2654096045344212,-0.2963355292770193,0.30821097424528365,-0.29002812293402724,0.3163040604659953
141,-0.9424400131566483,-0.46215462460627144,1.184837220416664,0.07357436627289808,0.6454598242098575,-0.09905044539657915,0.33555758895521565,-0.21915850994828973,0.5373626524175242,-0.19959523464416917,0.37110280140317503,-0.13677888662140236,0.3371234519708475,-0.2872002080116531,0.2669494606339968,-0.2517708202579847,0.3337644240077365,-0.2811084986202074,0.2950897557083752,-0.3030097376485287,0.3034381911218753
142,0.8324820981948365,0.449998502155367,0.2649237524821357,-0.7625195741060841,0.41531760221764213,0.3047359715269927,0.3298260000592474,-0.23505858309965194,0.4229049292108059,-0.44121371639808366,0.3162824749043373,-0.41045023871608044,0.3820740741204524,-0.2734166538676254,0.3122500127262273,-0.3010202922501227,0.27718125504815105,-0.29379142342936093,0.3137743091206757,-0.2860226680405759,0.304112020936922
143,2.7555514682714946,-0.1981462357957793,0.3592353968595085,-0.7057537456321793,0.3825372057040034,-0.11458971725832108,0.4848523575110111,-0.08812825559991377,0.3527182984228958,-0.11616419257492483,0.26711838601471105,-0.25774531721019023,0.35156285145353783,-0.33201660910065317,0.30845582146030054,-0.2093637578635134,0.30940504704394356,-0.24618808405429024,0.3117958517149137,-0.3090635619552092,0.3019417692007238
144,0.528318009217304,0.12119338099905841,-0.38551660293771856,-0.2620568207538619,1.041830993691147,0.18729230196100233,0.5526105850984099,-0.02584805706974194,0.2479528403431182,-0.5125165397871483,0.3359974835358073,-0.24269544572054869,0.28312830613280154,-0.3329760276392454,0.3341735483663682,-0.29159750754565705,0.271055395686312,-0.2549389714547015,0.2816518809818111,-0.31238740950767047,0.3147356263937498
145,0.8730703568259551,0.9891071062475638,0.06825797647584378,-0.6685095512854448,0.9966432203819984,-0.15644238175669076,0.364011129978419,-0.12089400512494451,0.3164180964948907,-0.2750005506964831,0.3765175322076346,-0.3196526693477741,0.3569276797094217,-0.2331753190732132,0.27160584974908897,-0.229993828556562,0.30125505894303967,-0.32657061964295614,0.3162545502750985,-0.2992993224713809,0.2974022783272806
146,-0.2851121815558537,-0.2789146426104319,-0.25756519678108675,-0.5776663172602864,0.5967065100229794,-0.03870595601428578,0.7125879245763451,-0.3651058775985096,0.6112979027527253,-0.1311750201880523,0.3516518641203749,-0.4375151743911028,0.33124872623323903,-0.28549221720771634,0.22648513080976518,-0.2628589138096368,0.29751450745369856,-0.2625979257187386,0.29256145220525537,-0.28524622026327767,0.29311994848467665
147,0.9937163456607564,0.007831958063945278,0.9464958634499311,0.07456293116967644,0.37300228258397033,0.08238101437941575,0.5042637535259261,-0.2249203651320903,0.3730230688293034,-0.2503653815491606,0.22615374157363305,-0.24727480650426617,0.2693606382205445,-0.2822135456197729,0.30371446497752824,-0.284182663349567,0.3032722547646929,-0.3280601313611273,0.34877829632802604,-0.2859574067558557,0.34028946120056897
148,1.2974209618009482,-0.2339651403515742,-0.013904691067487122,-0.36633485775097463,0.7964207282085902,-0.34637914964116273,0.542560842219533,-0.01764400821828578,0.1201417587684824,-0.13162436739893224,0.472456002879606,-0.23024547460347106,0.3358018637123038,-0.2398423945425259,0.31053711117522625,-0.2723516246600038,0.33725738053360416,-0.27814322647350787,0.3164268753141073,-0.31006809764720944,0.2870154039533103
149,1.4469374223331513,0.6233117102069522,0.11194874086496687,-0.4296216886327598,-0.08149492501198925,0.21736642607819778,0.3905295583200083,-0.37789480406146275,0.19485165659828213,-0.4345166361969351,0.23029078421603655,-0.30835750277119445,0.312213186722291,-0.2583309824443911,0.2433777793630338,-0.2587311782165649,0.3368536284373275,-0.2918457506753985,0.28826457636950986,-0.29289815279768566,0.286114772302897
150,1.2205525621465594,-0.6652333365702797,0.5960049516422539,-0.6920846738099403,-0.038103505531593654,-0.08856974307801042,0.6568499027438013,-0.4497278273683273,0.3626851868152428,-0.4838798335955204,0.45285014411431507,-0.30156246592051716,0.294967181785188,-0.3339767447657329,0.28668166141311663,-0.3366152001565631,0.31079115651856354,-0.2771685526250467,0.29043816004400436,-0.28414156484221753,0.2942584266326923
151,0.6211375560855221,1.468675014479588,0.5832972838283673,-0.6361163965108606,0.08341231060848768,0.20890023049509135,0.4545793622991396,-0.059187732242988386,0.43756664219996905,-0.3841868873482187,0.2906862435593514,-0.3023825956491365,0.36801872400141167,-0.33113937008735367,0.3289184929512128,-0.2934474867978013,0.2742325411730543,-0.29949833431473283,0.3017856161269654,-0.31140220519399076,0.3197289947331393
152,0.03307832857962582,-1.2672417649847219,-0.3775016920380375,0.5605040397746929,0.49564762826057046,-0.30436535730169084,-0.14382618073624376,-0.3245166085703939,0.2950653338792467,-0.4016079588670084,0.3351101450548525,-0.3810187058601543,0.36493266853862794,-0.2770150120525944,0.3024236147688442,-0.29000189826710215,0.2731740511880279,-0.3238827583831889,0.28594637637376896,-0.28866588173892505,0.314962882227178
153,0.9710115300050937,-0.727408203884202,0.5896145909270759,0.4044173640932782,0.32072636125343507,0.15921159950130667,0.8561495748756219,-0.23994979624862342,0.24298960787028465,-0.15093070551763857,0.26721088316920083,-0.24310950059020195,0.31749731839838746,-0.2758157804182424,0.3319173176938218,-0.3008321508246721,0.36384265922067477,-0.267218296591585,0.28710251663365977,-0.29551440644042964,0.3132653792185003
154,1.0637145929677478,-0.08012509378252208,0.3360465057598007,-0.35469680261247694,0.4967824247935611,0.15545496598232542,0.3644746077266072,-0.22104893347858368,0.24043904436107352,-0.28961814676136555,0.2660038659988452,-0.30218856970709174,0.26078847338784855,-0.2443851930234514,0.28789992147873256,-0.258191166552703,0.24634849828626867,-0.24819945324438977,0.2854917615229782,-0.29499166563492135,0.30580498716464927
155,0.5987429506457342,-0.09900146476204005,0.6632535258348535,-0.38003762716412814,0.12314663956869967,0.044884476853428786,0.33601548730848135,-0.3609431235411733,0.7888439642556497,0.038356219127442505,0.31512665098455084,-0.3584304167130621,0.2214798917541057,-0.2885550159264139,0.27116523160593775,-0.27586324614598856,0.3447695415717713,-0.29320602920356564,0.3490508526141228,-0.3006580120026906,0.2959525334019916
156,1.0783102139200356,0.052430260873430654,0.6047381754582729,0.3073751362574843,0.35344063853935676,-0.40147856194722625,-0.048845364586069875,-0.17807283281686181,0.6209675227569589,-0.33685002385496177,0.2801002723036579,-0.23627883169002656,0.3538334911536828,-0.2370133447324354,0.2634942320312449,-0.3053842337274905,0.280929942020025,-0.2643603876606155,0.3030447215944092,-0.284091711816494,0.3085928007945985
157,1.0233668780964944,0.03837501131133926,0.25264835021591675,-0.1994761740219172,0.6448891072857279,-0.036749544337615785,0.8957409274861424,0.3220192813111475,0.39982216941718635,-0.08485990840342532,0.12641337244236528,-0.19010332097821273,0.3049637144994726,-0.2560236135405382,0.2946605242282288,-0.31808819743880484,0.31352826222110336,-0.29702032574068055,0.32978997488197825,-0.28106274963275574,0.30339515127847305
158,0.6819601237737548,-0.8216625699106868,0.12694277409519775,-0.07612468924639883,-0.05299654378846632,-0.15795108055819793,0.328069377721076,-0.26889079976447716,0.18093145549916106,0.041932946479076895,0.4256537016044531,-0.23968386768890343,0.389021352348156,-0.32470174132844376,0.2613558248963419,-0.3130606898452688,0.31693281679345914,-0.26839707845886857,0.3236093024524296,-0.2646158281216414,0.32898720679613674
159,0.9645883498693091,-0.7854604928524729,-0.05532808183195644,-0.6225912548023312,0.1429153864443323,-0.3360264092719298,0.8769598273385094,-0.13090643644326294,0.33823852074903976,-0.28731579339652497,0.4859527690050572,-0.243167782357689,0.3084870210829329,-0.2531574453131578,0.306542343930686,-0.26073109850065385,0.265729595042294,-0.29889974599527724,0.30352842252296575,-0.28115351722299164,0.30474481578607054
160,-0.749909567003845,0.6410188425979972,0.6668014332660068,0.0008239567604430924,0.37021468713942096,0.19923801711789824,0.4073868332577573,-0.4814793417520259,0.07577746510019687,-0.2585119200738355,0.23424080016164767,-0.2073264704584537,0.3489432076922176,-0.2344611037948501,0.3301696902376347,-0.21376255808724842,0.30214182988154986,-0.27082392140263156,0.3143279693248303,-0.29097000096992487,0.30843860935885287
161,0.3519003948474196,-1.6382925765712222,1.902051655614622,0.1964007434022716,0.5647183143622778,0.42068477388218367,0.4211831263468962,-0.2644423066869759,0.2472509620333591,-0.21946323419679825,0.3255172872413013,-0.28633414359336795,0.29618445121772174,-0.34558445371786184,0.30178236092664534,-0.20529323568039015,0.2888023344067103,-0.2876653916642301,0.3108280762741701,-0.2947219973545115,0.3044830702183927
162,0.4465394052929649,0.8238230463068575,0.8324951923492923,0.2274118550249231,0.3402644353160301,-0.10803426194049268,0.356211429508198,-0.30449543266586654,0.5488161841678383,-0.3627630334137706,0.24697095314412995,-0.3732855190246357,0.36292341452329646,-0.2691210574425487,0.3356920964882577,-0.24290038926963653,0.35700993132267494,-0.28075761860545073,0.29707250199090857,-0.29739087240192197,0.31593609054281313
163,1.3810147815464573,-0.6366721071368509,0.5524093489106459,-0.178351073079708,0.49567939436903136,-0.6661947745078323,0.050806523586667936,-0.37808681719421006,0.13907588161235795,-0.29665824687714354,0.42060834691010324,-0.5608877439229795,0.3138743880232229,-0.2976329747515565,0.23091549814622764,-0.27940027640714404,0.3123030188958111,-0.29314756598524855,0.32904971588895554,-0.30214847802825695,0.3196543798140044
164,0.5113560800149309,0.11928507403903174,0.553726730706768,0.3974300424151508,0.664802137895303,-0.4248113674256279,0.2560801911493555,-0.5067612999681476,0.23327707492183597,-0.16859392751510718,0.47640778029573333,-0.3519768545033702,0.2559905594687055,-0.2922903296682579,0.3530022170625034,-0.2598112620129124,0.31472167230662396,-0.27156669646821846,0.30421448848035554,-0.2631460574045786,0.3109669211059119
165,0.2565018823625553,0.22120377125077012,0.7560130829467662,-0.9853025838112637,0.5778138690850524,-0.36701454919005216,0.2580244769855084,-0.25684503485135,0.18217633520585294,0.08832544584660959,0.43192870121055044,-0.44467128415670054,0.29469742124672,-0.2932750420804167,0.31644839793683766,-0.28635078497927147,0.29698298140037654,-0.28416868194788814,0.3661997762653104,-0.3022726752114167,0.3027265974920819
166,0.921694605381221,-0.692751046094531,0.7410739749961488,-0.28059924848502893,-0.2477166144029569,-0.12431045885780449,0.31957782300146803,-0.2770834585596338,0.1879304731850121,-0.13247242840986653,0.26989352255803206,-0.3235322945839983,0.4000684028281827,-0.29530093414315334,0.3417108634808646,-0.2798589301446262,0.32015454377781133,-0.2980499909311343,0.30220466949438574,-0.2828403949987172,0.2970229369034051
167,1.932866803205271,-1.191598428961039,-0.2570879274723751,-0.7948536133925802,-0.4731378942184378,-0.668047799242406,0.42683428104595394,-0.3691141299747331,0.29739381416459315,-0.26982211741309875,0.36424639260466257,-0.1636910107498055,0.2609083853521896,-0.329322896710862,0.24157522181527508,-0.25502215513296594,0.27575811667095346,-0.2746058992872121,0.30521432493232437,-0.29543781923824686,0.3090616413791291
168,2.2190580406787426,-0.6466865946741501,0.7952080929907323,0.10716814708375626,0.25582762948092064,-0.37348034715877126,0.45536019929076427,-0.2834584327548823,0.18166390729911022,-0.3667040741304045,0.43237651022585916,-0.18031022911509356,0.37199633524525366,-0.25187280575188725,0.3350406262470115,-0.3233218522237902,0.335058754824551,-0.287266462392097,0.29388357687365785,-0.29578633979165825,0.31179838209555544
169,0.2414770138536845,0.3559004283425814,0.43294054492755557,-0.4141146378043915,0.20109942671131656,-0.31037609718795905,0.4314657267129505,-0.2561528804119421,0.3732332909397902,-0.19077691682037543,0.37646028781111274,-0.25169907672119224,0.2349426630624323,-0.2634793351216742,0.34046446690211385,-0.2681148617409935,0.31631075300473893,-0.28814417276685494,0.31440628739134774,-0.310989055762659,0.3250939637386206
170,0.7786423030150584,-0.5312513786393218,0.21324336170593372,0.2874567991147688,0.5580545653269741,-0.5219398281791697,0.9009354934219447,0.03737413409677324,0.2760391102229674,-0.3425667581825075,0.35635246763586015,-0.15278724164265114,0.33321715617943204,-0.281494453461874,0.18155289717356002,-0.2790721790287571,0.346880448023012,-0.32645147117264905,0.30652394000455657,-0.3091611370490246,0.32254079267476843
171,0.1372312669887213,-1.2488854071803968,2.164203973699012,-0.7008765673295331,0.18037236481668353,-0.3657008172116267,0.10528319164981156,-0.3576646483721231,0.3646855730676014,-0.11985125492660934,0.39115032204527656,-0.22283930806459493,0.3569077195791892,-0.2258247853661986,0.32232002354283223,-0.3076484524639827,0.34008187202483425,-0.2895098998424893,0.2705471712629338,-0.27267911197478173,0.30178828529669394
172,1.4630995328966174,0.6086074557035592,-0.015177502969972508,0.23074239135279614,0.14936099079014314,-0.6282253190061353,0.07868488327721018,-0.08548165009868325,0.5350920863054711,-0.1770181345176381,0.3478084886338979,-0.33865506967654174,0.26166052191882283,-0.17646074833934575,0.3029067537724257,-0.29193855573903565,0.32886225016910237,-0.27932254590806693,0.3623817077916095,-0.2634934297566829,0.29616460219081525
173,0.5886656022088946,-1.1634169279565838,1.4291278625013077,-0.81484912247342,0.06946609635053264,-0.1260495631541418,1.0348301437542977,-0.25810309325216735,0.23621741580333816,-0.3944639681603045,0.30022036477147523,-0.3564772968607658,0.35508838558199207,-0.30728901126606734,0.2207567551884586,-0.2671128745358019,0.3011030062849559,-0.28725916267947177,0.31656578758080833,-0.2988783403475196,0.3085862136350232
174,0.8111784574152447,-0.8446516691813987,1.056886154129608,-0.09486633242652616,-0.2542609753187362,-0.18166936147414278,0.12821986748463587,-0.07016503718622058,0.37928513467221464,-0.34923248281844943,0.30924854831594195,-0.2987547468748954,0.3515514848312874,-0.20236703366431882,0.32908207830034014,-0.295911113486745,0.3258235786361622,-0.24165874966240972,0.28790342438928285,-0.3111931056751422,0.293269279322299
175,0.23146327564464672,-0.3960265075035798,-0.2842884984000244,0.17229442844657478,0.7460552121782266,0.19142709309376527,0.7185454865859889,-0.07267683253063244,0.5488178614108407,-0.18038114403122094,0.4968391396172165,-0.40704579972416227,0.3640366542236131,-0.25729945871274784,0.37496344605101184,-0.30430690488539125,0.33519770116174813,-0.29962446981380314,0.2750536105757263,-0.27076677807063887,0.2989096932837739
176,0.21409700683579605,0.5351153857395828,-0.382935040604921,0.3625484074563151,0.02494152497337115,-0.6259211476776054,0.23491520292397958,-0.5566942591842592,0.29020263838992627,-0.2880885521803287,0.165725979941952,-0.3555678124877916,0.2086026046472217,-0.3377633066249874,0.26661796673368027,-0.31887087515444773,0.33050688302447045,-0.26811557448230705,0.3013890628641395,-0.3020926207425521,0.3146118530206389
177,0.3619828820567309,-0.8273136516126296,0.014013514977602934,0.6390954446003461,-0.2370512004607389,-0.6397986784419549,0.20941117327560343,-0.4732535872235226,0.10960977758076511,-0.26357174572094033,0.39641524204011336,-0.06758195748593564,0.3703852388492489,-0.20378253786402148,0.2909717859650185,-0.31407378280755305,0.28583414520396205,-0.3237729506766444,0.2839263359272384,-0.2757716971163205,0.30302150845249315
178,2.052925731894453,0.3190072782243052,0.47548953418325074,0.18918847546671033,0.8865438325710979,-0.31699727143611883,0.6673414509602799,-0.09923160080343288,0.46448807573615963,-0.39093140680644467,0.18012722408968995,-0.2256239738912295,0.34095238639145153,-0.30663821684020554,0.2737114317318817,-0.24740808413166615,0.3817937878745949,-0.3059885083466694,0.2974017315167608,-0.2692718507233608,0.314756500958227
179,2.040407621326714,-0.1857428760595768,0.75800965739318,-0.1290434174781983,0.399514558108441,0.1975598858763984,0.5848551130975451,-0.18720850837555403,0.31694228418283527,-0.2908001031493314,0.34754060285323846,-0.27200304075960297,0.300292382408584,-0.33642042917167897,0.29921598351442896,-0.31618684762882043,0.2689252755964377,-0.2808654605386508,0.30496011434365233,-0.3018936580980898,0.3156256000449233
180,0.7788891327718357,0.9166589335595295,0.5565594492929429,0.13026961650926172,0.566323934542844,-0.09533435083628222,0.5335104790646031,-0.25714941277039643,0.4422409448100229,-0.5237120267944052,0.208711284505087,-0.23942908815703554,0.3712224793649212,-0.3185253621682604,0.38067010565215226,-0.3282057598606925,0.2884824099779966,-0.26552039728457427,0.28148530722033416,-0.3028781674037951,0.3074843998078299
181,-0.6737826795778735,1.2847568331040187,1.1139950718848808,0.3493581602635107,0.29187242291892246,-0.5538893758125717,0.5767934379746782,0.05490151295655541,0.5628671541245631,-0.09010476678245012,0.45528234747405855,-0.3300993619182342,0.4395154036428705,-0.22994457577765903,0.33038377496728827,-0.23052072702731377,0.3238315966142814,-0.3027005749175007,0.33946187582935455,-0.2932889928077656,0.2972152830444124
182,1.777079871227678,0.07300051430644822,0.48249136215230165,0.3108174819556019,0.12867797798158565,-0.2359530287394906,0.3739158590738185,-0.11830587275621943,0.05953218053286437,-0.18395647052688543,0.23859948121080235,-0.2244468297664704,0.3017808626701715,-0.3212995175757259,0.34246083064094646,-0.3029056261087215,0.33407876240149215,-0.31967056784337533,0.31730766503798696,-0.2892084260982957,0.27766411032133775
183,2.0527282901326855,0.29179372839195516,1.0275580910548836,0.1575148861758449,0.5094242133593563,-0.29996650601235414,0.44908384837575394,-0.1868750502805243,0.6548775591899474,-0.2040018689297739,0.2670676324182783,-0.15639757133875284,0.2599884859918291,-0.3504116162150549,0.373814973761346,-0.20487773738454576,0.3016147128333637,-0.2692707155376446,0.24998672824496035,-0.2958726699419759,0.31778468142143734
184,1.7867287075957408,-0.8774071138718152,0.715449071036277,-0.9458321402448321,0.4412653654279617,-0.5203508434866333,0.7943751142974838,-0.3291246776437478,0.28348507055466426,0.07508793203828405,0.2522675448773553,-0.33032261405144125,0.43514670702108843,-0.32952070209735357,0.30903301674637784,-0.2326217195544947,0.317779576949105,-0.3060498939987195,0.299288491150631,-0.28701248055661466,0.304134287059753
185,-0.29054211965280385,-0.20576949357690372,0.5189850341245378,-0.8337691904003501,0.2745390967161335,-0.15771804205775733,0.47039699781029864,-0.08530534107412521,0.513814842071643,-0.4220188852864734,0.2826957167669481,-0.18675316031532027,0.3287081690714161,-0.27651509455999695,0.3351340702110724,-0.28230508237090324,0.26892224043777335,-0.2917197947086097,0.3232184673292987,-0.3172205677609475,0.28017409673151294
186,-0.01955899512345016,-0.0018952717443597546,1.0002737944935685,-0.4888782108051456,0.513278756046059,-0.38091684999915104,0.10816788992543529,-0.14899789023049478,0.45418340937599483,-0.2973532544135156,0.33860095613440544,-0.2287307275636513,0.2905250648299755,-0.38438055588790343,0.35332565938567106,-0.26679421922631114,0.337978370079241,-0.30996966954150823,0.33632374369183254,-0.2920956845721419,0.30419760624951697
187,-1.0169271458637439,0.4323548728269347,0.6866859464679407,0.06969255169620968,0.6027222034659826,0.008805024267377594,0.4547993509870729,-0.32872459096520923,0.2605324489037412,-0.47538181353635617,0.2736437841109576,-0.46234072139751603,0.32455317643359627,-0.3307458115974402,0.31172793615024863,-0.28657365866770496,0.2796212443573679,-0.2880501333758394,0.29482312658881865,-0.30351326311374455,0.3221095803767585
188,0.21088915139194275,-0.07838026866048105,0.8878415413595043,0.42466865033215506,-0.0589995898731184,-0.22145370100162828,-0.09246770266786836,0.19565063137321048,0.349783457945267,-0.28280138177244785,0.20338732258826356,-0.3385742466875336,0.30139549008318217,-0.3592396152527408,0.27693146886360426,-0.3139356016189034,0.3567728957762031,-0.3056348472417426,0.338231814914157,-0.28025013921397557,0.3286841515300557
189,0.44096595752942697,-0.40909812040383364,-0.5385969166735612,0.8884351643678773,0.11614991911622011,-0.3062745952542955,0.20036015226541026,-0.2863767811178321,0.5216712917285697,-0.24820999870868382,0.44633409939602914,-0.266832903731895,0.19380591626243535,-0.19035969365700672,0.24960784856522103,-0.28781028885553056,0.2920554909421291,-0.27608764108854295,0.27096193110941036,-0.30032491514771015,0.29706919327515435
190,-0.3108786246518334,-0.9695010705935351,0.6110972949268055,-0.1921569297524054,0.459179979670076,0.09950781490956828,0.35009750576975895,-0.037629378237463484,0.4765184851421673,-0.237330701681993,0.2211485330655599,-0.3212835517813986,0.3117397431160112,-0.2567552999096294,0.271682865720841,-0.2950138761158557,0.31973161482636603,-0.28096255232839423,0.3211604359436851,-0.27599756863822156,0.304571071921071
191,1.4129988191737883,1.1846931915542076,1.1134761269198499,-0.11758717859374068,-0.3370668445709177,-0.5252930493144304,0.38071252637185965,-0.37632139502957307,0.4596497523378441,-0.27533699144769963,0.4112937883320751,-0.3411870571198597,0.2868734598182678,-0.2987528480178535,0.30482551235359445,-0.36613254778692933,0.26974028385642196,-0.283238468283574,0.3365587873014332,-0.29235375916613116,0.31135098592074606
192,0.9698338331419544,-0.777274775912313,0.07545248428025614,-0.683810918365405,0.006712675611953815,0.08401826955778269,0.17651018681269556,-0.7036641132372502,0.4280144941630664,-0.45450133508063534,0.3137692793686445,-0.270397938381204,0.36564336598947855,-0.2020210382992754,0.32617068510666036,-0.33251579126090647,0.2686472722150175,-0.27353557559422076,0.2928902215280797,-0.29864686637443294,0.2859703296344457
193,-0.2085098428879244,0.628402332368129,0.4112103655147824,0.48953228075395594,0.12208369021835642,-0.031062760243755483,0.11733019865615622,-0.0841764005583538,0.09016454756301176,-0.12797822936756797,0.4412790906468436,-0.2949590444082561,0.3608726843990209,-0.2434748705236076,0.32595139752520524,-0.3504942758123674,0.32868165045239156,-0.3077900341732142,0.31762226217122547,-0.29361735965216085,0.3009062479347904
194,0.954089657347492,-0.3961997517058916,-0.027140877610093952,-0.18906117430442476,-0.46955906510901074,-0.2101512935017043,0.4434144268975156,-0.3035707433147604,0.5159668642024962,-0.3723959041235851,0.4007046774463174,-0.2829136897893111,0.2566165013974116,-0.26228519013696544,0.3728478996714125,-0.2584267012114137,0.323598222342068,-0.295346720594813,0.28976709864150185,-0.3104528205976295,0.3071481615984298
195,1.8461088553286003,-0.7632503690166151,0.8599833197767602,0.03021981634295092,-0.12812188928329185,-0.2516224779761994,0.6585402242236338,-0.27681693623311093,0.42603052112716994,-0.09961790041424384,0.35922426800114654,-0.3056372109242983,0.2540742393040511,-0.2991016001729196,0.3251211296886304,-0.3172440968255295,0.28816574127195904,-0.3215445819700697,0.3079884652712749,-0.27634311496835123,0.317856706939476
196,0.08579262107108618,0.519110984557708,0.13179394497103558,-0.6273677295143928,0.9181918246526022,-0.6358975854572761,0.5515990085668538,-0.13719467206321798,0.2633692449312724,-0.017983769868600057,0.38008531028737413,-0.2491279554363769,0.19067401864021938,-0.1990011184434167,0.3132095082490374,-0.24355854708547395,0.3616022022121059,-0.2947656141647376,0.32178103967278926,-0.2802810096692617,0.28293132020493594
197,0.9072967676372349,0.8003175645299734,1.260803125570789,-1.420324540755076,0.711008266956571,-0.6893581884638453,0.09590030279534771,0.11156832169340283,0.43906785701319345,-0.28671689636212966,0.33483954333328486,-0.2580501623059672,0.27537646011048633,-0.2842035540445089,0.3356859214608903,-0.29025100363795253,0.28847616824898237,-0.3252259296246774,0.3014751981305216,-0.2663358147205351,0.2941824207788681
198,1.3046330600208484,0.3874209494441817,1.092012270926682,0.20917228314852165,-0.06311068064450058,-0.2884362007039754,0.03616739412519195,-0.19814357879823083,0.4395796258553269,-0.21909350521641166,0.4715450389598946,-0.3054310479025061,0.2997329223025688,-0.3684121946828217,0.29419459758078526,-0.28589429963790225,0.28915085393301965,-0.33976844718245436,0.33152598531322847,-0.3025737213061664,0.29871836951634867
199,-0.027440469389770582,0.8634620660636632,-0.28197846681713146,-0.579199485816658,0.5309540192554201,-0.6155874488351292,0.3333878141278933,-0.3946836921260736,0.3738165089421447,-0.31163533053084663,0.45456609988094104,-0.2842399494486497,0.29357047280755166,-0.27703876962673,0.2299986540205179,-0.29256472362069147,0.34084293253700415,-0.2981644661310569,0.2792802474924566,-0.31255196419104014,0.2776825698917789
200,0.2881875847799082,-1.483719645252526,0.2039274111536468,-0.5533999776780671,0.3540875069880736,-0.19667401537911253,0.22568474988669646,-0.14268079964858815,0.4995311675396352,-0.2753786266925103,0.14960505138327046,-0.37890668912704606,0.3494755890233172,-0.2824361561883455,0.3173172098136077,-0.27948066906744085,0.29503828862201625,-0.2532541018894625,0.2905888155995066,-0.3095297368113474,0.31273582698868796
201,1.309805883682577,-0.8170884638699862,0.30353567858126934,0.4067944433514837,0.6809520236695364,-0.1664841208028019,0.15914521207496957,0.1144782090310293,0.3030595050075112,-0.3045818425576188,0.34400975212963814,-0.21661552415647256,0.3742352860389741,-0.3726039073333436,0.27627529389294203,-0.30677629871357814,0.28294165435172164,-0.28900364515338145,0.317671061406442,-0.31024468590233,0.3215098027310631
202,-0.00495277646165038,0.4833578795619604,0.5661477525530484,-0.8152670071800453,0.6154658911918656,0.32584023140995244,0.3439310004065986,-0.14029548698712047,0.3996602434776192,-0.37452785080602713,0.3328803083890218,-0.2583070108011869,0.352455180256174,-0.2699217201651739,0.31672070387189016,-0.23137384580819306,0.3129859745493563,-0.29638333024157976,0.3001613451414004,-0.2847085210355153,0.3111979982737801
203,-0.45336699860882995,-0.7917036770500083,1.297899279160556,-0.15492227316781265,-0.4703390202786097,-0.34674955334310464,0.888107332282924,0.24060439278812037,0.3916682386769736,-0.21068515674288865,0.2934753752390727,-0.22265517480019462,0.36607870775963564,-0.2117024894565887,0.26940529583363215,-0.23196088941328502,0.2650213580109954,-0.3237899480865644,0.30780605291282764,-0.3053772445930956,0.3312542087608217
204,1.7973116896255372,-0.5546843243888524,0.026368722394830683,0.7641264265635008,0.3498083068547963,-0.2633792814712389,0.6815868792622854,-0.23457748870358477,0.12170823647604401,-0.2603177816066887,0.2791648410166116,-0.23948759636139,0.4248067881005881,-0.31468788314261,0.35609632219566106,-0.23681620219821184,0.26266769210754287,-0.30689136857382093,0.31478919480394163,-0.27735103555308493,0.30574644502393516
205,1.3145537605268058,0.6173831150763599,0.9689842085106732,-0.42861931500228195,0.16645300913265004,-0.1796108775005445,0.1752322409000261,-0.4522350546242782,0.27926995257840886,-0.21574315780373093,0.2268043581753048,-0.23635223540086248,0.3818168177963204,-0.3052512734082846,0.24651506964195266,-0.28455066371962695,0.31158853563786476,-0.30025232109598754,0.3006554471216438,-0.29638903434073516,0.2931586098738088
206,0.0932758223379774,-0.41815792177921396,1.0746387920482374,-0.45636138838805423,0.2651930145889248,-0.5051580143030995,0.20564675131227297,-0.3954482363056722,0.22192427167244433,-0.29158606146658383,0.30370500993290567,-0.31043923254944433,0.43828085717007526,-0.17140684753109048,0.36724365026389133,-0.29603058922553793,0.35235689190229463,-0.30984791044308024,0.3193440646889194,-0.3191284687098035,0.2897028994354942
207,-0.24394929193049644,0.08032569069959213,-0.3011884737339276,-0.38948267073084014,0.5440720318230495,0.08277062272997583,0.292260176475898,-0.5650579241445598,0.36145856293423306,-0.5053303295637906,0.38658501264378725,-0.38503666728464647,0.40259579404270474,-0.3187808846845997,0.2937199472358082,-0.288628402390815,0.31657745876978455,-0.3158967874012894,0.3313902534297164,-0.28660495216894727,0.2950409649436064
208,0.7609358209302152,-1.0211119422299348,0.09827652032868275,-0.41316728069573533,0.6786336284175961,-0.04350230601841006,0.09621635731880554,-0.18946694565711372,0.16887966661413234,-0.4035528828380662,0.5240370768649889,-0.22231452869677804,0.2807723389745334,-0.28571369378599865,0.28728458304060106,-0.2762835964321744,0.2891865084726637,-0.2833040586975869,0.30242005649340903,-0.2936285564013268,0.3088489822445708
209,2.5063423387797186,-0.7227317517742985,0.5570851277071572,-0.13389292360380714,-0.1252390222922305,-0.24616172296858085,0.3986542901368335,0.032752777869008126,0.4440014276817004,-0.2791477523219526,0.2542174987711463,-0.2646892345450204,0.2879103887374888,-0.31257373003871003,0.3161278205156901,-0.33047423708411444,0.2726628585819185,-0.2844180166412229,0.3065482677313489,-0.3000464435211956,0.2999570385095063
210,1.8224787911067968,-0.41713218270442226,0.36558498005727874,-0.5985183078165616,0.5314960985117956,-0.06591290070348277,0.17036820570371025,-0.0035973367680748897,0.2334720682869549,-0.3852911186602898,0.2887863232183393,-0.36209499745006574,0.38690839398372223,-0.27386140256650526,0.26289017846087476,-0.2944313334753111,0.28789776232497455,-0.2663549281313037,0.30395820857836947,-0.300855979411799,0.3068087143196
211,-0.15205769467354113,0.6036147499403328,0.3925256672660787,-0.4973997920712783,1.003602179214626,-0.36714216345164863,0.3637087241629931,-0.028101008555520255,0.24816644312424666,-0.06969154361104594,0.49394144005353074,-0.14881243668559285,0.2427942401168301,-0.26349370009776757,0.38100920196993826,-0.24387735576367206,0.30752520423424184,-0.32145139570057224,0.2860479316997612,-0.3099945225499345,0.3047660702136305
212,0.1898363381918586,-1.3125217495165686,0.5275974226015061,-0.13599185960738058,0.08149826957948214,-0.3279030436610322,0.6374602412698055,-0.34058541949876414,0.37472267823002386,-0.43494633293148166,0.38697196760222086,-0.15474868777506923,0.4716915436732697,-0.3263158489524085,0.356024685640801,-0.276871176477985,0.27808762927310077,-0.31404393322024377,0.2932379385151395,-0.3006650743642196,0.2892873558382603
213,0.535682587563654,0.04885947062991767,0.06342764991675101,-0.3857382818792392,0.2378510642409899,-0.089473692992857,0.26017614906250003,-0.6453397030789294,0.5619163501071778,-0.2562155848889013,0.27535690025638987,-0.29061310275299046,0.3459623024622449,-0.2657863317051319,0.309498643891248,-0.2971377244073096,0.3258773921264974,-0.2828162704686159,0.2932761132026733,-0.3115312605984487,0.3048118218613926
214,1.4159496571268126,-0.3795868106640358,-0.09712999909084419,-0.7849430850900101,0.6800552474572459,-0.3281781673760536,0.12532591545754626,-0.627590417330201,0.5386904460135138,-0.08051739574397107,0.3902430531382459,-0.2641889341093264,0.3191322609308893,-0.33873926453831854,0.39873821273233967,-0.28047314564294124,0.2797049999544707,-0.32067667206880757,0.27164854775281544,-0.2841532937865925,0.32286469317213423
215,0.6702431203308578,0.12597690868891584,0.14454774918926241,0.16886132259086967,0.4413058374691593,-0.271410714548346,0.23955147510205105,-0.09686943079250755,0.28114765623656734,-0.31556708722736687,0.3657158855353707,-0.2757071870576962,0.3579061358002166,-0.3311714081088942,0.35717414579467566,-0.32613544084433377,0.33470455700215185,-0.3230599260359779,0.3064704696657291,-0.28378111243007187,0.308094578826418
216,0.8428727827813781,-0.9834302642522187,0.6118195305253137,-0.16074948608809803,-0.07146494769212787,-0.05126320558283893,0.777012614856914,-0.3625478787743364,0.053001004048978555,-0.35172405932387946,0.2434968636993115,-0.24095724489984938,0.38680567018071443,-0.29226692564871454,0.33023812343756087,-0.3330640052958843,0.33422900818941154,-0.3100405459755796,0.3156623297503266,-0.2997733345471245,0.2925989435727041
217,1.5455152217053543,1.3785484502765004,-0.05851319476802516,-0.006509052281435384,-0.2810137686770311,-0.1529425290407719,0.35184444319395597,-0.42763908224428887,0.3600117528311601,-0.14713426441821048,0.23219982337759304,-0.29218717131810235,0.3263251991122322,-0.31223533980289614,0.37384703298964606,-0.3297548609270753,0.2885739568563029,-0.288602071058772,0.27384250712884667,-0.2876550522864081,0.326491818976653
218,-0.5314571831770445,1.2645426959205557,0.49869614417251235,-0.5501005410028139,0.5682642252957495,-0.21304445976053343,0.14446096636097122,-0.3025474917690512,0.27268148551727905,-0.31038699188817764,0.27953525520628514,-0.28048035010405964,0.36169117939443307,-0.254795450137363,0.34317375429157704,-0.3103832752315952,0.275727832352961,-0.3084329010945697,0.32804826435144324,-0.2914959296746165,0.3067697476190127
219,-0.8470719912901443,-0.6080582295513953,0.5129675654490063,-0.38600409717292905,0.6771658127881348,0.06177860876442402,0.8314601454884459,-0.035155188856467325,0.1460361458349198,-0.4380865600433564,0.49604477437362265,-0.37467179038512005,0.39074292509694414,-0.32570369783642794,0.31251609340742037,-0.2606581738995094,0.2608053771295052,-0.26320651406472084,0.322053014804016,-0.31494841080297487,0.3027305301483131
220,1.1933858724071564,-1.0615356039664645,-0.3078936177800991,-0.3089485789715928,0.46739402841039296,-0.13752948946351312,0.25941709461849555,-0.026104619395427634,0.23253282099472286,-0.22425965804959166,0.20690804250599454,-0.3680445867178809,0.38246615529547756,-0.29148773934865907,0.3482572892008769,-0.29508249253000823,0.2778353049303026,-0.29164807021111927,0.31233852654306377,-0.28507994641554973,0.296017052730359
221,-0.48492187368678363,0.7697911446751745,0.28406368171945046,-0.2601544807746433,0.38346275790688106,-0.5440303516293744,0.41118825634197015,-0.15527852217192192,0.4023581659408529,-0.19757679806947825,0.28373710961281456,-0.3824540933019958,0.2147256735670944,-0.36163221060602785,0.32904462690554986,-0.3047529578021999,0.3055329125459377,-0.2683269459326627,0.3107197004607021,-0.3058051575045278,0.3010972614656683
222,0.33752617723019257,-0.3716279106061152,-0.2957004625776834,-0.08897073657246335,-0.10934900329468317,-0.1837576920555205,0.4841170591253152,-0.26173417955567785,0.39996339063258435,-0.28770541936298066,0.4103128213202206,-0.18709801125900205,0.3465416931890342,-0.34091867301688544,0.2671265805480654,-0.252160056538626,0.29632942937254675,-0.2746877235340821,0.3024360724976395,-0.29248895403720704,0.31117090392071867
223,0.9645917822776622,-0.26256853371829714,0.19648935396690081,-0.444338047008684,0.6348142088954868,-0.23770374940423256,0.11544770018058352,-0.17408321603634275,0.5061580090772817,-0.018967132866557004,0.2518640687478584,-0.34756213545456704,0.3264347085123077,-0.28490525122935917,0.25961857686939593,-0.29922494876271893,0.3082956608543878,-0.3359523987548483,0.30245903594950735,-0.2978452072542297,0.3100898979133185
224,0.3814048748324107,0.1655224944130687,0.6874053249615364,-0.21785293779025972,0.3096630206174857,-0.18092826691605782,0.3711762944390415,-0.12563794555399055,0.2595305811586975,-0.2298395179224905,0.40617444140680525,-0.41552076263279014,0.3649193801569423,-0.34493324753126164,0.30066926715599274,-0.309261265604424,0.31916413655087417,-0.25348446437609623,0.2790680064219844,-0.28970986940270393,0.2859082595115124
225,0.14388284316451455,0.38980619977698155,1.1337917531996757,0.12062570260431434,0.395092012940983,-0.13463002799193483,0.2667347123853768,-0.1530920374086608,0.5773919105920251,-0.28825920483832385,0.3623120099373023,-0.2154820361474214,0.2906217485546569,-0.19921599899842216,0.33247105602055416,-0.2696245568495525,0.3150744862993117,-0.2998472762516995,0.3034001158148882,-0.2954741719468602,0.3111107743881098
226,-0.0915654784033449,-0.6539015364022611,0.3259494834222421,-0.2160193686106671,0.681237512059449,-0.09270683691066768,0.5924549746112325,-0.03596873751253795,0.3553329879572318,-0.20973412000342306,0.4216225916431672,-0.2666069028512197,0.24899365292795508,-0.3429256432134855,0.27825190423021534,-0.28315868614828416,0.3072605451924022,-0.2957205950724748,0.2992028392401655,-0.3099767310275971,0.2986486280777472
227,0.2762505557510022,-0.8606890570544136,0.5772588691900302,0.17766982347203963,0.9917041305018222,0.0526975425240323,-0.03127843334050853,-0.2524316499555553,0.339086425536378,-0.23049230900238177,0.31225975793446964,-0.2767850710221559,0.22848068102403518,-0.26894445131584904,0.3267508239385321,-0.29218633867043753,0.31659208090655755,-0.3073031998947127,0.30121223456456786,-0.3145486222240447,0.3241468580714973
